Sample Name/Number,Image File Name,Species Name,cosine_distance,url
Q-G9-KaFu-vii1-7_3,1_Q-G9-KaFu-vii1-7_3_2023_05_23-14-45-38-163.PNG,Kageronia_fuscogrisea,0.7857447107054013,http://localhost:5000/1_Q-G9-KaFu-vii1-7_3_2023_05_23-14-45-38-163.PNG
N-B9-OuTu-nie2-3_2,1_N-B9-OuTu-nie2-3_2_2023_05_19-14-08-23-407.PNG,Oulimnius_tuberculatus,0.7624348747380504,http://localhost:5000/1_N-B9-OuTu-nie2-3_2_2023_05_19-14-08-23-407.PNG
G-D9-AsAq-koy2-13_2,2_G-D9-AsAq-koy2-13_2_2023_05_12-11-37-50-143.PNG,Asellus_aquaticus,0.7435872859259263,http://localhost:5000/2_G-D9-AsAq-koy2-13_2_2023_05_12-11-37-50-143.PNG
Q-G9-KaFu-vii1-7_3,2_Q-G9-KaFu-vii1-7_3_2023_05_23-14-45-37-940.PNG,Kageronia_fuscogrisea,0.7104170555343057,http://localhost:5000/2_Q-G9-KaFu-vii1-7_3_2023_05_23-14-45-37-940.PNG
G-D9-AsAq-koy2-13_2,2_G-D9-AsAq-koy2-13_2_2023_05_12-11-37-50-089.PNG,Asellus_aquaticus,0.7086877404330063,http://localhost:5000/2_G-D9-AsAq-koy2-13_2_2023_05_12-11-37-50-089.PNG
N-B9-OuTu-nie2-3_2,2_N-B9-OuTu-nie2-3_2_2023_05_19-14-08-23-616.PNG,Oulimnius_tuberculatus,0.7058004639966496,http://localhost:5000/2_N-B9-OuTu-nie2-3_2_2023_05_19-14-08-23-616.PNG
G-D9-AsAq-koy2-13_2,1_G-D9-AsAq-koy2-13_2_2023_05_12-11-37-50-464.PNG,Asellus_aquaticus,0.699004724621409,http://localhost:5000/1_G-D9-AsAq-koy2-13_2_2023_05_12-11-37-50-464.PNG
G-D9-AsAq-koy2-13_2,1_G-D9-AsAq-koy2-13_2_2023_05_12-11-37-50-104.PNG,Asellus_aquaticus,0.6899429647993125,http://localhost:5000/1_G-D9-AsAq-koy2-13_2_2023_05_12-11-37-50-104.PNG
N-B9-OuTu-nie2-3_2,2_N-B9-OuTu-nie2-3_2_2023_05_19-14-08-23-220.PNG,Oulimnius_tuberculatus,0.6842569637202012,http://localhost:5000/2_N-B9-OuTu-nie2-3_2_2023_05_19-14-08-23-220.PNG
G-D9-AsAq-koy2-13_2,2_G-D9-AsAq-koy2-13_2_2023_05_12-11-37-50-193.PNG,Asellus_aquaticus,0.6576080566906453,http://localhost:5000/2_G-D9-AsAq-koy2-13_2_2023_05_12-11-37-50-193.PNG
G-D9-AsAq-koy2-13_2,1_G-D9-AsAq-koy2-13_2_2023_05_12-11-37-50-345.PNG,Asellus_aquaticus,0.6432429173744683,http://localhost:5000/1_G-D9-AsAq-koy2-13_2_2023_05_12-11-37-50-345.PNG
G-D9-AsAq-koy2-13_2,2_G-D9-AsAq-koy2-13_2_2023_05_12-11-37-50-451.PNG,Asellus_aquaticus,0.6355293319128024,http://localhost:5000/2_G-D9-AsAq-koy2-13_2_2023_05_12-11-37-50-451.PNG
G-D9-AsAq-koy2-13_2,1_G-D9-AsAq-koy2-13_2_2023_05_12-11-37-50-274.PNG,Asellus_aquaticus,0.618478249867968,http://localhost:5000/1_G-D9-AsAq-koy2-13_2_2023_05_12-11-37-50-274.PNG
N-B9-OuTu-nie2-3_2,1_N-B9-OuTu-nie2-3_2_2023_05_19-14-08-23-717.PNG,Oulimnius_tuberculatus,0.6117124215833756,http://localhost:5000/1_N-B9-OuTu-nie2-3_2_2023_05_19-14-08-23-717.PNG
Q-G9-KaFu-vii1-7_3,2_Q-G9-KaFu-vii1-7_3_2023_05_23-14-45-38-307.PNG,Kageronia_fuscogrisea,0.5726223477566474,http://localhost:5000/2_Q-G9-KaFu-vii1-7_3_2023_05_23-14-45-38-307.PNG
G-D9-AsAq-koy2-13_2,1_G-D9-AsAq-koy2-13_2_2023_05_12-11-37-50-010.PNG,Asellus_aquaticus,0.5656180719336709,http://localhost:5000/1_G-D9-AsAq-koy2-13_2_2023_05_12-11-37-50-010.PNG
G-G10-ErOc-koy2-7_2,2_G-G10-ErOc-koy2-7_2_2023_05_15-10-22-17-567.PNG,Erpobdella_octoculata,0.5575235413369286,http://localhost:5000/2_G-G10-ErOc-koy2-7_2_2023_05_15-10-22-17-567.PNG
F-E1-EpVu-kak1-5_1,2_F-E1-EpVu-kak1-5_1_2023_05_11-15-57-34-465.PNG,Ephemera_vulgata,0.545934940266916,http://localhost:5000/2_F-E1-EpVu-kak1-5_1_2023_05_11-15-57-34-465.PNG
G-G10-ErOc-koy2-7_2,2_G-G10-ErOc-koy2-7_2_2023_05_15-10-22-17-614.PNG,Erpobdella_octoculata,0.5447406555018952,http://localhost:5000/2_G-G10-ErOc-koy2-7_2_2023_05_15-10-22-17-614.PNG
G-G10-ErOc-koy2-7_2,1_G-G10-ErOc-koy2-7_2_2023_05_15-10-22-17-627.PNG,Erpobdella_octoculata,0.5349768769014187,http://localhost:5000/1_G-G10-ErOc-koy2-7_2_2023_05_15-10-22-17-627.PNG
G-D9-AsAq-koy2-13_2,1_G-D9-AsAq-koy2-13_2_2023_05_12-11-37-50-751.PNG,Asellus_aquaticus,0.5311315934704475,http://localhost:5000/1_G-D9-AsAq-koy2-13_2_2023_05_12-11-37-50-751.PNG
G-G10-ErOc-koy2-7_2,1_G-G10-ErOc-koy2-7_2_2023_05_15-10-22-17-579.PNG,Erpobdella_octoculata,0.5046685831590125,http://localhost:5000/1_G-G10-ErOc-koy2-7_2_2023_05_15-10-22-17-579.PNG
G-D9-AsAq-koy2-13_2,2_G-D9-AsAq-koy2-13_2_2023_05_12-11-37-50-332.PNG,Asellus_aquaticus,0.4910097696284079,http://localhost:5000/2_G-D9-AsAq-koy2-13_2_2023_05_12-11-37-50-332.PNG
H-D1-RaBa-kaj1-1_5,2_H-D1-RaBa-kaj1-1_5_2023_05_15-13-42-15-601.PNG,Radix_balthica-labiata,0.4799609897351624,http://localhost:5000/2_H-D1-RaBa-kaj1-1_5_2023_05_15-13-42-15-601.PNG
H-D1-RaBa-kaj1-1_5,2_H-D1-RaBa-kaj1-1_5_2023_05_15-13-42-15-672.PNG,Radix_balthica-labiata,0.4790666114977416,http://localhost:5000/2_H-D1-RaBa-kaj1-1_5_2023_05_15-13-42-15-672.PNG
H-D1-RaBa-kaj1-1_5,1_H-D1-RaBa-kaj1-1_5_2023_05_15-13-42-14-749.PNG,Radix_balthica-labiata,0.4782518820677872,http://localhost:5000/1_H-D1-RaBa-kaj1-1_5_2023_05_15-13-42-14-749.PNG
G-G10-ErOc-koy2-7_2,1_G-G10-ErOc-koy2-7_2_2023_05_15-10-22-17-532.PNG,Erpobdella_octoculata,0.4688233289902004,http://localhost:5000/1_G-G10-ErOc-koy2-7_2_2023_05_15-10-22-17-532.PNG
G-D9-AsAq-koy2-13_2,1_G-D9-AsAq-koy2-13_2_2023_05_12-11-37-50-701.PNG,Asellus_aquaticus,0.4672049787803294,http://localhost:5000/1_G-D9-AsAq-koy2-13_2_2023_05_12-11-37-50-701.PNG
H-D1-RaBa-kaj1-1_5,2_H-D1-RaBa-kaj1-1_5_2023_05_15-13-42-15-743.PNG,Radix_balthica-labiata,0.4537557084127839,http://localhost:5000/2_H-D1-RaBa-kaj1-1_5_2023_05_15-13-42-15-743.PNG
P-F11-EpVu-lop2-2_2,2_P-F11-EpVu-lop2-2_2_2023_05_23-09-42-17-325.PNG,Ephemera_vulgata,0.4517697627466061,http://localhost:5000/2_P-F11-EpVu-lop2-2_2_2023_05_23-09-42-17-325.PNG
P-F11-EpVu-lop2-2_1,2_P-F11-EpVu-lop2-2_1_2023_05_23-09-42-16-438.PNG,Ephemera_vulgata,0.4512073142819538,http://localhost:5000/2_P-F11-EpVu-lop2-2_1_2023_05_23-09-42-16-438.PNG
G-D9-AsAq-koy2-13_2,2_G-D9-AsAq-koy2-13_2_2023_05_12-11-37-50-713.PNG,Asellus_aquaticus,0.4478310551710837,http://localhost:5000/2_G-D9-AsAq-koy2-13_2_2023_05_12-11-37-50-713.PNG
H-D1-RaBa-kaj1-1_5,1_H-D1-RaBa-kaj1-1_5_2023_05_15-13-42-15-755.PNG,Radix_balthica-labiata,0.4467518151950026,http://localhost:5000/1_H-D1-RaBa-kaj1-1_5_2023_05_15-13-42-15-755.PNG
P-F11-EpVu-lop2-2_1,2_P-F11-EpVu-lop2-2_1_2023_05_23-09-42-13-186.PNG,Ephemera_vulgata,0.4463377972759016,http://localhost:5000/2_P-F11-EpVu-lop2-2_1_2023_05_23-09-42-13-186.PNG
H-D1-RaBa-kaj1-1_5,1_H-D1-RaBa-kaj1-1_5_2023_05_15-13-42-15-614.PNG,Radix_balthica-labiata,0.4436488842136579,http://localhost:5000/1_H-D1-RaBa-kaj1-1_5_2023_05_15-13-42-15-614.PNG
H-D1-RaBa-kaj1-1_5,1_H-D1-RaBa-kaj1-1_5_2023_05_15-13-42-15-464.PNG,Radix_balthica-labiata,0.4436085150704938,http://localhost:5000/1_H-D1-RaBa-kaj1-1_5_2023_05_15-13-42-15-464.PNG
H-D1-RaBa-kaj1-1_5,1_H-D1-RaBa-kaj1-1_5_2023_05_15-13-42-14-821.PNG,Radix_balthica-labiata,0.442505355892113,http://localhost:5000/1_H-D1-RaBa-kaj1-1_5_2023_05_15-13-42-14-821.PNG
H-D1-RaBa-kaj1-1_5,1_H-D1-RaBa-kaj1-1_5_2023_05_15-13-42-15-684.PNG,Radix_balthica-labiata,0.4420523147736828,http://localhost:5000/1_H-D1-RaBa-kaj1-1_5_2023_05_15-13-42-15-684.PNG
H-D1-RaBa-kaj1-1_5,2_H-D1-RaBa-kaj1-1_5_2023_05_15-13-42-14-737.PNG,Radix_balthica-labiata,0.4401817141737328,http://localhost:5000/2_H-D1-RaBa-kaj1-1_5_2023_05_15-13-42-14-737.PNG
H-D1-RaBa-kaj1-1_5,2_H-D1-RaBa-kaj1-1_5_2023_05_15-13-42-15-813.PNG,Radix_balthica-labiata,0.4395032232151009,http://localhost:5000/2_H-D1-RaBa-kaj1-1_5_2023_05_15-13-42-15-813.PNG
H-D1-RaBa-kaj1-1_5,1_H-D1-RaBa-kaj1-1_5_2023_05_15-13-42-15-394.PNG,Radix_balthica-labiata,0.4384177517353828,http://localhost:5000/1_H-D1-RaBa-kaj1-1_5_2023_05_15-13-42-15-394.PNG
H-D1-RaBa-kaj1-1_5,2_H-D1-RaBa-kaj1-1_5_2023_05_15-13-42-14-808.PNG,Radix_balthica-labiata,0.4383135264700776,http://localhost:5000/2_H-D1-RaBa-kaj1-1_5_2023_05_15-13-42-14-808.PNG
H-D1-RaBa-kaj1-1_5,1_H-D1-RaBa-kaj1-1_5_2023_05_15-13-42-15-535.PNG,Radix_balthica-labiata,0.4369729128524885,http://localhost:5000/1_H-D1-RaBa-kaj1-1_5_2023_05_15-13-42-15-535.PNG
H-D1-RaBa-kaj1-1_5,1_H-D1-RaBa-kaj1-1_5_2023_05_15-13-42-14-895.PNG,Radix_balthica-labiata,0.4326778658128648,http://localhost:5000/1_H-D1-RaBa-kaj1-1_5_2023_05_15-13-42-14-895.PNG
H-D1-RaBa-kaj1-1_5,1_H-D1-RaBa-kaj1-1_5_2023_05_15-13-42-15-109.PNG,Radix_balthica-labiata,0.4297246392253281,http://localhost:5000/1_H-D1-RaBa-kaj1-1_5_2023_05_15-13-42-15-109.PNG
H-D1-RaBa-kaj1-1_5,1_H-D1-RaBa-kaj1-1_5_2023_05_15-13-42-14-678.PNG,Radix_balthica-labiata,0.4291662661799533,http://localhost:5000/1_H-D1-RaBa-kaj1-1_5_2023_05_15-13-42-14-678.PNG
H-D1-RaBa-kaj1-1_5,1_H-D1-RaBa-kaj1-1_5_2023_05_15-13-42-15-038.PNG,Radix_balthica-labiata,0.428959800929677,http://localhost:5000/1_H-D1-RaBa-kaj1-1_5_2023_05_15-13-42-15-038.PNG
H-D1-RaBa-kaj1-1_5,1_H-D1-RaBa-kaj1-1_5_2023_05_15-13-42-15-825.PNG,Radix_balthica-labiata,0.4284149583720122,http://localhost:5000/1_H-D1-RaBa-kaj1-1_5_2023_05_15-13-42-15-825.PNG
H-D1-RaBa-kaj1-1_5,2_H-D1-RaBa-kaj1-1_5_2023_05_15-13-42-15-097.PNG,Radix_balthica-labiata,0.4276926155636124,http://localhost:5000/2_H-D1-RaBa-kaj1-1_5_2023_05_15-13-42-15-097.PNG
G-D9-AsAq-koy2-13_2,2_G-D9-AsAq-koy2-13_2_2023_05_12-11-37-50-404.PNG,Asellus_aquaticus,0.427550383642757,http://localhost:5000/2_G-D9-AsAq-koy2-13_2_2023_05_12-11-37-50-404.PNG
H-D1-RaBa-kaj1-1_5,2_H-D1-RaBa-kaj1-1_5_2023_05_15-13-42-14-881.PNG,Radix_balthica-labiata,0.4273049783671281,http://localhost:5000/2_H-D1-RaBa-kaj1-1_5_2023_05_15-13-42-14-881.PNG
H-D1-RaBa-kaj1-1_5,1_H-D1-RaBa-kaj1-1_5_2023_05_15-13-42-14-966.PNG,Radix_balthica-labiata,0.4266992184246653,http://localhost:5000/1_H-D1-RaBa-kaj1-1_5_2023_05_15-13-42-14-966.PNG
N-B3-HeDa-kaj2-3_2,1_N-B3-HeDa-kaj2-3_2_2023_05_19-13-57-26-668.PNG,Heptagenia_dalecarlica,0.4234056512126158,http://localhost:5000/1_N-B3-HeDa-kaj2-3_2_2023_05_19-13-57-26-668.PNG
H-D1-RaBa-kaj1-1_5,1_H-D1-RaBa-kaj1-1_5_2023_05_15-13-42-15-179.PNG,Radix_balthica-labiata,0.420032657912235,http://localhost:5000/1_H-D1-RaBa-kaj1-1_5_2023_05_15-13-42-15-179.PNG
G-D9-AsAq-koy2-13_2,2_G-D9-AsAq-koy2-13_2_2023_05_12-11-37-50-763.PNG,Asellus_aquaticus,0.4196612518092572,http://localhost:5000/2_G-D9-AsAq-koy2-13_2_2023_05_12-11-37-50-763.PNG
H-D1-RaBa-kaj1-1_5,2_H-D1-RaBa-kaj1-1_5_2023_05_15-13-42-15-167.PNG,Radix_balthica-labiata,0.4193839824774696,http://localhost:5000/2_H-D1-RaBa-kaj1-1_5_2023_05_15-13-42-15-167.PNG
H-D1-RaBa-kaj1-1_5,1_H-D1-RaBa-kaj1-1_5_2023_05_15-13-42-15-253.PNG,Radix_balthica-labiata,0.4187031067586992,http://localhost:5000/1_H-D1-RaBa-kaj1-1_5_2023_05_15-13-42-15-253.PNG
Q-B8-KaFu-vii1-2_2,1_Q-B8-KaFu-vii1-2_2_2023_05_23-11-26-25-056.PNG,Kageronia_fuscogrisea,0.4177375098004572,http://localhost:5000/1_Q-B8-KaFu-vii1-2_2_2023_05_23-11-26-25-056.PNG
H-D1-RaBa-kaj1-1_5,1_H-D1-RaBa-kaj1-1_5_2023_05_15-13-42-15-324.PNG,Radix_balthica-labiata,0.4149240950849312,http://localhost:5000/1_H-D1-RaBa-kaj1-1_5_2023_05_15-13-42-15-324.PNG
H-D1-RaBa-kaj1-1_5,2_H-D1-RaBa-kaj1-1_5_2023_05_15-13-42-14-954.PNG,Radix_balthica-labiata,0.4143042859863165,http://localhost:5000/2_H-D1-RaBa-kaj1-1_5_2023_05_15-13-42-14-954.PNG
H-D1-RaBa-kaj1-1_5,2_H-D1-RaBa-kaj1-1_5_2023_05_15-13-42-15-523.PNG,Radix_balthica-labiata,0.4137117718101559,http://localhost:5000/2_H-D1-RaBa-kaj1-1_5_2023_05_15-13-42-15-523.PNG
H-D1-RaBa-kaj1-1_5,2_H-D1-RaBa-kaj1-1_5_2023_05_15-13-42-15-241.PNG,Radix_balthica-labiata,0.4134264646963752,http://localhost:5000/2_H-D1-RaBa-kaj1-1_5_2023_05_15-13-42-15-241.PNG
H-D1-RaBa-kaj1-1_5,2_H-D1-RaBa-kaj1-1_5_2023_05_15-13-42-15-312.PNG,Radix_balthica-labiata,0.4096023117870908,http://localhost:5000/2_H-D1-RaBa-kaj1-1_5_2023_05_15-13-42-15-312.PNG
O-C6-AsAq-pus1-9_1,2_O-C6-AsAq-pus1-9_1_2023_05_22-10-44-38-440.PNG,Asellus_aquaticus,0.4090950914680782,http://localhost:5000/2_O-C6-AsAq-pus1-9_1_2023_05_22-10-44-38-440.PNG
H-D1-RaBa-kaj1-1_5,2_H-D1-RaBa-kaj1-1_5_2023_05_15-13-42-15-026.PNG,Radix_balthica-labiata,0.4086926307160308,http://localhost:5000/2_H-D1-RaBa-kaj1-1_5_2023_05_15-13-42-15-026.PNG
P-F11-EpVu-lop2-2_1,2_P-F11-EpVu-lop2-2_1_2023_05_23-09-42-15-083.PNG,Ephemera_vulgata,0.4060322352552591,http://localhost:5000/2_P-F11-EpVu-lop2-2_1_2023_05_23-09-42-15-083.PNG
O-C6-AsAq-pus1-9_1,2_O-C6-AsAq-pus1-9_1_2023_05_22-10-44-38-659.PNG,Asellus_aquaticus,0.4018084610415345,http://localhost:5000/2_O-C6-AsAq-pus1-9_1_2023_05_22-10-44-38-659.PNG
O-C6-AsAq-pus1-9_1,2_O-C6-AsAq-pus1-9_1_2023_05_22-10-44-38-767.PNG,Asellus_aquaticus,0.3997952273056772,http://localhost:5000/2_O-C6-AsAq-pus1-9_1_2023_05_22-10-44-38-767.PNG
Q-D5-TiWa-pus3-7_1,2_Q-D5-TiWa-pus3-7_1_2023_05_23-13-31-37-262.PNG,Tinodes_waeneri,0.3976643708665387,http://localhost:5000/2_Q-D5-TiWa-pus3-7_1_2023_05_23-13-31-37-262.PNG
O-C6-AsAq-pus1-9_1,2_O-C6-AsAq-pus1-9_1_2023_05_22-10-44-38-550.PNG,Asellus_aquaticus,0.3926549936457744,http://localhost:5000/2_O-C6-AsAq-pus1-9_1_2023_05_22-10-44-38-550.PNG
F-E1-EpVu-kak1-5_1,1_F-E1-EpVu-kak1-5_1_2023_05_11-15-57-29-671.PNG,Ephemera_vulgata,0.3890067694284482,http://localhost:5000/1_F-E1-EpVu-kak1-5_1_2023_05_11-15-57-29-671.PNG
F-C3-AsAq-koy1-4_1,2_F-C3-AsAq-koy1-4_1_2023_05_11-14-27-19-908.PNG,Asellus_aquaticus,0.3881243367325855,http://localhost:5000/2_F-C3-AsAq-koy1-4_1_2023_05_11-14-27-19-908.PNG
H-D1-RaBa-kaj1-1_5,2_H-D1-RaBa-kaj1-1_5_2023_05_15-13-42-15-382.PNG,Radix_balthica-labiata,0.3865498915318613,http://localhost:5000/2_H-D1-RaBa-kaj1-1_5_2023_05_15-13-42-15-382.PNG
G-G3-AsAq-koy2-20_3,1_G-G3-AsAq-koy2-20_3_2023_05_15-10-09-57-588.PNG,Asellus_aquaticus,0.386178370352004,http://localhost:5000/1_G-G3-AsAq-koy2-20_3_2023_05_15-10-09-57-588.PNG
P-F11-EpVu-lop2-2_1,1_P-F11-EpVu-lop2-2_1_2023_05_23-09-42-13-059.PNG,Ephemera_vulgata,0.3852365389671158,http://localhost:5000/1_P-F11-EpVu-lop2-2_1_2023_05_23-09-42-13-059.PNG
H-D1-RaBa-kaj1-1_5,2_H-D1-RaBa-kaj1-1_5_2023_05_15-13-42-15-452.PNG,Radix_balthica-labiata,0.383640866122071,http://localhost:5000/2_H-D1-RaBa-kaj1-1_5_2023_05_15-13-42-15-452.PNG
F-E1-EpVu-kak1-5_1,2_F-E1-EpVu-kak1-5_1_2023_05_11-15-57-34-708.PNG,Ephemera_vulgata,0.3834491778950979,http://localhost:5000/2_F-E1-EpVu-kak1-5_1_2023_05_11-15-57-34-708.PNG
G-G3-AsAq-koy2-20_3,1_G-G3-AsAq-koy2-20_3_2023_05_15-10-09-57-678.PNG,Asellus_aquaticus,0.3821286234691657,http://localhost:5000/1_G-G3-AsAq-koy2-20_3_2023_05_15-10-09-57-678.PNG
F-E1-EpVu-kak1-5_1,2_F-E1-EpVu-kak1-5_1_2023_05_11-15-57-35-893.PNG,Ephemera_vulgata,0.3818708231935851,http://localhost:5000/2_F-E1-EpVu-kak1-5_1_2023_05_11-15-57-35-893.PNG
O-C6-AsAq-pus1-9_1,2_O-C6-AsAq-pus1-9_1_2023_05_22-10-44-38-223.PNG,Asellus_aquaticus,0.3818642396839771,http://localhost:5000/2_O-C6-AsAq-pus1-9_1_2023_05_22-10-44-38-223.PNG
O-C6-AsAq-pus1-9_1,2_O-C6-AsAq-pus1-9_1_2023_05_22-10-44-38-333.PNG,Asellus_aquaticus,0.3784446050170059,http://localhost:5000/2_O-C6-AsAq-pus1-9_1_2023_05_22-10-44-38-333.PNG
G-G3-AsAq-koy2-20_3,1_G-G3-AsAq-koy2-20_3_2023_05_15-10-09-57-309.PNG,Asellus_aquaticus,0.3780684968395381,http://localhost:5000/1_G-G3-AsAq-koy2-20_3_2023_05_15-10-09-57-309.PNG
G-G3-AsAq-koy2-20_3,1_G-G3-AsAq-koy2-20_3_2023_05_15-10-09-57-217.PNG,Asellus_aquaticus,0.378053688446117,http://localhost:5000/1_G-G3-AsAq-koy2-20_3_2023_05_15-10-09-57-217.PNG
G-G3-AsAq-koy2-20_3,2_G-G3-AsAq-koy2-20_3_2023_05_15-10-09-57-667.PNG,Asellus_aquaticus,0.3763401456498859,http://localhost:5000/2_G-G3-AsAq-koy2-20_3_2023_05_15-10-09-57-667.PNG
O-C6-AsAq-pus1-9_1,2_O-C6-AsAq-pus1-9_1_2023_05_22-10-44-37-786.PNG,Asellus_aquaticus,0.3763292674892647,http://localhost:5000/2_O-C6-AsAq-pus1-9_1_2023_05_22-10-44-37-786.PNG
O-C10-TiWa-koy1-10_1,2_O-C10-TiWa-koy1-10_1_2023_05_22-10-48-54-780.PNG,Tinodes_waeneri,0.376265775253997,http://localhost:5000/2_O-C10-TiWa-koy1-10_1_2023_05_22-10-48-54-780.PNG
G-G3-AsAq-koy2-20_3,1_G-G3-AsAq-koy2-20_3_2023_05_15-10-09-57-498.PNG,Asellus_aquaticus,0.3760770987337386,http://localhost:5000/1_G-G3-AsAq-koy2-20_3_2023_05_15-10-09-57-498.PNG
G-G3-AsAq-koy2-20_3,1_G-G3-AsAq-koy2-20_3_2023_05_15-10-09-56-748.PNG,Asellus_aquaticus,0.3758469422853977,http://localhost:5000/1_G-G3-AsAq-koy2-20_3_2023_05_15-10-09-56-748.PNG
O-C6-AsAq-pus1-9_1,2_O-C6-AsAq-pus1-9_1_2023_05_22-10-44-38-114.PNG,Asellus_aquaticus,0.3756482490788241,http://localhost:5000/2_O-C6-AsAq-pus1-9_1_2023_05_22-10-44-38-114.PNG
G-G3-AsAq-koy2-20_3,1_G-G3-AsAq-koy2-20_3_2023_05_15-10-09-57-404.PNG,Asellus_aquaticus,0.3744800463728103,http://localhost:5000/1_G-G3-AsAq-koy2-20_3_2023_05_15-10-09-57-404.PNG
O-C6-AsAq-pus1-9_1,2_O-C6-AsAq-pus1-9_1_2023_05_22-10-44-38-006.PNG,Asellus_aquaticus,0.3728562648199116,http://localhost:5000/2_O-C6-AsAq-pus1-9_1_2023_05_22-10-44-38-006.PNG
G-G3-AsAq-koy2-20_3,1_G-G3-AsAq-koy2-20_3_2023_05_15-10-09-56-843.PNG,Asellus_aquaticus,0.3724909871609027,http://localhost:5000/1_G-G3-AsAq-koy2-20_3_2023_05_15-10-09-56-843.PNG
O-C6-AsAq-pus1-9_1,2_O-C6-AsAq-pus1-9_1_2023_05_22-10-44-37-566.PNG,Asellus_aquaticus,0.3720101821168107,http://localhost:5000/2_O-C6-AsAq-pus1-9_1_2023_05_22-10-44-37-566.PNG
G-G3-AsAq-koy2-20_3,2_G-G3-AsAq-koy2-20_3_2023_05_15-10-09-57-018.PNG,Asellus_aquaticus,0.3698423705458102,http://localhost:5000/2_G-G3-AsAq-koy2-20_3_2023_05_15-10-09-57-018.PNG
F-C3-AsAq-koy1-4_1,2_F-C3-AsAq-koy1-4_1_2023_05_11-14-27-19-933.PNG,Asellus_aquaticus,0.3694698955386409,http://localhost:5000/2_F-C3-AsAq-koy1-4_1_2023_05_11-14-27-19-933.PNG
O-C6-AsAq-pus1-9_1,2_O-C6-AsAq-pus1-9_1_2023_05_22-10-44-37-676.PNG,Asellus_aquaticus,0.3694302607861056,http://localhost:5000/2_O-C6-AsAq-pus1-9_1_2023_05_22-10-44-37-676.PNG
G-G3-AsAq-koy2-20_3,2_G-G3-AsAq-koy2-20_3_2023_05_15-10-09-56-831.PNG,Asellus_aquaticus,0.3689383220985567,http://localhost:5000/2_G-G3-AsAq-koy2-20_3_2023_05_15-10-09-56-831.PNG
G-G3-AsAq-koy2-20_3,1_G-G3-AsAq-koy2-20_3_2023_05_15-10-09-57-030.PNG,Asellus_aquaticus,0.3668123564359141,http://localhost:5000/1_G-G3-AsAq-koy2-20_3_2023_05_15-10-09-57-030.PNG
G-G3-AsAq-koy2-20_3,2_G-G3-AsAq-koy2-20_3_2023_05_15-10-09-57-576.PNG,Asellus_aquaticus,0.366141528058548,http://localhost:5000/2_G-G3-AsAq-koy2-20_3_2023_05_15-10-09-57-576.PNG
O-C6-AsAq-pus1-9_1,2_O-C6-AsAq-pus1-9_1_2023_05_22-10-44-37-457.PNG,Asellus_aquaticus,0.3659635067698661,http://localhost:5000/2_O-C6-AsAq-pus1-9_1_2023_05_22-10-44-37-457.PNG
G-G3-AsAq-koy2-20_3,2_G-G3-AsAq-koy2-20_3_2023_05_15-10-09-56-925.PNG,Asellus_aquaticus,0.3653034655233528,http://localhost:5000/2_G-G3-AsAq-koy2-20_3_2023_05_15-10-09-56-925.PNG
G-G3-AsAq-koy2-20_3,2_G-G3-AsAq-koy2-20_3_2023_05_15-10-09-57-297.PNG,Asellus_aquaticus,0.3650652545492122,http://localhost:5000/2_G-G3-AsAq-koy2-20_3_2023_05_15-10-09-57-297.PNG
G-G3-AsAq-koy2-20_3,1_G-G3-AsAq-koy2-20_3_2023_05_15-10-09-57-123.PNG,Asellus_aquaticus,0.3648827102924717,http://localhost:5000/1_G-G3-AsAq-koy2-20_3_2023_05_15-10-09-57-123.PNG
G-G3-AsAq-koy2-20_3,2_G-G3-AsAq-koy2-20_3_2023_05_15-10-09-56-548.PNG,Asellus_aquaticus,0.3627525588110944,http://localhost:5000/2_G-G3-AsAq-koy2-20_3_2023_05_15-10-09-56-548.PNG
G-G3-AsAq-koy2-20_3,1_G-G3-AsAq-koy2-20_3_2023_05_15-10-09-56-936.PNG,Asellus_aquaticus,0.3624072313950669,http://localhost:5000/1_G-G3-AsAq-koy2-20_3_2023_05_15-10-09-56-936.PNG
G-G3-AsAq-koy2-20_3,1_G-G3-AsAq-koy2-20_3_2023_05_15-10-09-56-371.PNG,Asellus_aquaticus,0.362051360391551,http://localhost:5000/1_G-G3-AsAq-koy2-20_3_2023_05_15-10-09-56-371.PNG
O-C6-AsAq-pus1-9_1,2_O-C6-AsAq-pus1-9_1_2023_05_22-10-44-37-896.PNG,Asellus_aquaticus,0.3614986747351661,http://localhost:5000/2_O-C6-AsAq-pus1-9_1_2023_05_22-10-44-37-896.PNG
G-G3-AsAq-koy2-20_3,2_G-G3-AsAq-koy2-20_3_2023_05_15-10-09-57-487.PNG,Asellus_aquaticus,0.3608671549414064,http://localhost:5000/2_G-G3-AsAq-koy2-20_3_2023_05_15-10-09-57-487.PNG
G-G3-AsAq-koy2-20_3,1_G-G3-AsAq-koy2-20_3_2023_05_15-10-09-56-560.PNG,Asellus_aquaticus,0.3607958067457432,http://localhost:5000/1_G-G3-AsAq-koy2-20_3_2023_05_15-10-09-56-560.PNG
Q-D6-AsAq-sii3-3_2,2_Q-D6-AsAq-sii3-3_2_2023_05_23-13-32-28-767.PNG,Asellus_aquaticus,0.3606290528399306,http://localhost:5000/2_Q-D6-AsAq-sii3-3_2_2023_05_23-13-32-28-767.PNG
G-G3-AsAq-koy2-20_3,2_G-G3-AsAq-koy2-20_3_2023_05_15-10-09-56-736.PNG,Asellus_aquaticus,0.3602212076993343,http://localhost:5000/2_G-G3-AsAq-koy2-20_3_2023_05_15-10-09-56-736.PNG
G-G3-AsAq-koy2-20_3,2_G-G3-AsAq-koy2-20_3_2023_05_15-10-09-57-755.PNG,Asellus_aquaticus,0.3600992132408078,http://localhost:5000/2_G-G3-AsAq-koy2-20_3_2023_05_15-10-09-57-755.PNG
Q-D6-AsAq-sii3-3_2,2_Q-D6-AsAq-sii3-3_2_2023_05_23-13-32-28-833.PNG,Asellus_aquaticus,0.3590030955116344,http://localhost:5000/2_Q-D6-AsAq-sii3-3_2_2023_05_23-13-32-28-833.PNG
G-G3-AsAq-koy2-20_3,2_G-G3-AsAq-koy2-20_3_2023_05_15-10-09-57-205.PNG,Asellus_aquaticus,0.3587289704693992,http://localhost:5000/2_G-G3-AsAq-koy2-20_3_2023_05_15-10-09-57-205.PNG
Q-A5-AsAq-sii2-2_1,2_Q-A5-AsAq-sii2-2_1_2023_05_23-10-53-55-658.PNG,Asellus_aquaticus,0.3581288568182751,http://localhost:5000/2_Q-A5-AsAq-sii2-2_1_2023_05_23-10-53-55-658.PNG
O-C10-TiWa-koy1-10_1,2_O-C10-TiWa-koy1-10_1_2023_05_22-10-48-54-898.PNG,Tinodes_waeneri,0.3574306952022602,http://localhost:5000/2_O-C10-TiWa-koy1-10_1_2023_05_22-10-48-54-898.PNG
G-G3-AsAq-koy2-20_3,1_G-G3-AsAq-koy2-20_3_2023_05_15-10-09-56-466.PNG,Asellus_aquaticus,0.3571287753878152,http://localhost:5000/1_G-G3-AsAq-koy2-20_3_2023_05_15-10-09-56-466.PNG
G-G3-AsAq-koy2-20_3,2_G-G3-AsAq-koy2-20_3_2023_05_15-10-09-57-111.PNG,Asellus_aquaticus,0.3570668354979095,http://localhost:5000/2_G-G3-AsAq-koy2-20_3_2023_05_15-10-09-57-111.PNG
O-C10-TiWa-koy1-10_1,2_O-C10-TiWa-koy1-10_1_2023_05_22-10-48-54-662.PNG,Tinodes_waeneri,0.3559094878076534,http://localhost:5000/2_O-C10-TiWa-koy1-10_1_2023_05_22-10-48-54-662.PNG
G-G3-AsAq-koy2-20_3,1_G-G3-AsAq-koy2-20_3_2023_05_15-10-09-56-655.PNG,Asellus_aquaticus,0.3555173394749295,http://localhost:5000/1_G-G3-AsAq-koy2-20_3_2023_05_15-10-09-56-655.PNG
O-C6-AsAq-pus1-9_1,2_O-C6-AsAq-pus1-9_1_2023_05_22-10-44-37-340.PNG,Asellus_aquaticus,0.3553741818150323,http://localhost:5000/2_O-C6-AsAq-pus1-9_1_2023_05_22-10-44-37-340.PNG
O-C10-TiWa-koy1-10_1,1_O-C10-TiWa-koy1-10_1_2023_05_22-10-48-54-911.PNG,Tinodes_waeneri,0.3546322787710148,http://localhost:5000/1_O-C10-TiWa-koy1-10_1_2023_05_22-10-48-54-911.PNG
G-G3-AsAq-koy2-20_3,1_G-G3-AsAq-koy2-20_3_2023_05_15-10-09-56-184.PNG,Asellus_aquaticus,0.3543032286233558,http://localhost:5000/1_G-G3-AsAq-koy2-20_3_2023_05_15-10-09-56-184.PNG
G-G3-AsAq-koy2-20_3,2_G-G3-AsAq-koy2-20_3_2023_05_15-10-09-56-642.PNG,Asellus_aquaticus,0.3541191861412934,http://localhost:5000/2_G-G3-AsAq-koy2-20_3_2023_05_15-10-09-56-642.PNG
Q-D6-AsAq-sii3-3_2,2_Q-D6-AsAq-sii3-3_2_2023_05_23-13-32-28-898.PNG,Asellus_aquaticus,0.3530506728869406,http://localhost:5000/2_Q-D6-AsAq-sii3-3_2_2023_05_23-13-32-28-898.PNG
A-E8-AsAq-hau1-3_2,2_A-E8-AsAq-hau1-3_2_2023_05_05-11-28-42-090.PNG,Asellus_aquaticus,0.3517729984264749,http://localhost:5000/2_A-E8-AsAq-hau1-3_2_2023_05_05-11-28-42-090.PNG
G-G3-AsAq-koy2-20_3,2_G-G3-AsAq-koy2-20_3_2023_05_15-10-09-56-454.PNG,Asellus_aquaticus,0.3502972756032937,http://localhost:5000/2_G-G3-AsAq-koy2-20_3_2023_05_15-10-09-56-454.PNG
G-G3-AsAq-koy2-20_3,1_G-G3-AsAq-koy2-20_3_2023_05_15-10-09-56-091.PNG,Asellus_aquaticus,0.3502434700503356,http://localhost:5000/1_G-G3-AsAq-koy2-20_3_2023_05_15-10-09-56-091.PNG
G-G3-AsAq-koy2-20_3,2_G-G3-AsAq-koy2-20_3_2023_05_15-10-09-57-391.PNG,Asellus_aquaticus,0.3498539948867841,http://localhost:5000/2_G-G3-AsAq-koy2-20_3_2023_05_15-10-09-57-391.PNG
G-G3-AsAq-koy2-20_3,2_G-G3-AsAq-koy2-20_3_2023_05_15-10-09-56-359.PNG,Asellus_aquaticus,0.3493952962227624,http://localhost:5000/2_G-G3-AsAq-koy2-20_3_2023_05_15-10-09-56-359.PNG
I-C6-LeHi-kuo1-1_2,1_I-C6-LeHi-kuo1-1_2_2023_05_16-10-20-18-906.PNG,Lepidostoma_hirtum,0.3491813347160991,http://localhost:5000/1_I-C6-LeHi-kuo1-1_2_2023_05_16-10-20-18-906.PNG
G-G3-AsAq-koy2-20_3,1_G-G3-AsAq-koy2-20_3_2023_05_15-10-09-56-278.PNG,Asellus_aquaticus,0.3490230231850597,http://localhost:5000/1_G-G3-AsAq-koy2-20_3_2023_05_15-10-09-56-278.PNG
O-C10-TiWa-koy1-10_1,1_O-C10-TiWa-koy1-10_1_2023_05_22-10-48-55-147.PNG,Tinodes_waeneri,0.3488088810852168,http://localhost:5000/1_O-C10-TiWa-koy1-10_1_2023_05_22-10-48-55-147.PNG
G-G3-AsAq-koy2-20_3,2_G-G3-AsAq-koy2-20_3_2023_05_15-10-09-55-988.PNG,Asellus_aquaticus,0.3474330595985503,http://localhost:5000/2_G-G3-AsAq-koy2-20_3_2023_05_15-10-09-55-988.PNG
G-G3-AsAq-koy2-20_3,2_G-G3-AsAq-koy2-20_3_2023_05_15-10-09-56-266.PNG,Asellus_aquaticus,0.3470694681285883,http://localhost:5000/2_G-G3-AsAq-koy2-20_3_2023_05_15-10-09-56-266.PNG
O-C10-TiWa-koy1-10_1,2_O-C10-TiWa-koy1-10_1_2023_05_22-10-48-55-017.PNG,Tinodes_waeneri,0.3464932897118843,http://localhost:5000/2_O-C10-TiWa-koy1-10_1_2023_05_22-10-48-55-017.PNG
I-C6-LeHi-kuo1-1_2,1_I-C6-LeHi-kuo1-1_2_2023_05_16-10-20-19-206.PNG,Lepidostoma_hirtum,0.346391758899329,http://localhost:5000/1_I-C6-LeHi-kuo1-1_2_2023_05_16-10-20-19-206.PNG
O-D5-AsAq-pus1-11_2,1_O-D5-AsAq-pus1-11_2_2023_05_22-10-58-59-778.PNG,Asellus_aquaticus,0.3454526908290315,http://localhost:5000/1_O-D5-AsAq-pus1-11_2_2023_05_22-10-58-59-778.PNG
Q-A5-AsAq-sii2-2_1,2_Q-A5-AsAq-sii2-2_1_2023_05_23-10-53-55-568.PNG,Asellus_aquaticus,0.3446375583211353,http://localhost:5000/2_Q-A5-AsAq-sii2-2_1_2023_05_23-10-53-55-568.PNG
O-C10-TiWa-koy1-10_1,1_O-C10-TiWa-koy1-10_1_2023_05_22-10-48-55-372.PNG,Tinodes_waeneri,0.3443698184820861,http://localhost:5000/1_O-C10-TiWa-koy1-10_1_2023_05_22-10-48-55-372.PNG
O-C10-TiWa-koy1-10_1,1_O-C10-TiWa-koy1-10_1_2023_05_22-10-48-54-558.PNG,Tinodes_waeneri,0.3436144081128793,http://localhost:5000/1_O-C10-TiWa-koy1-10_1_2023_05_22-10-48-54-558.PNG
O-D5-AsAq-pus1-11_2,2_O-D5-AsAq-pus1-11_2_2023_05_22-10-59-00-080.PNG,Asellus_aquaticus,0.3430505701557443,http://localhost:5000/2_O-D5-AsAq-pus1-11_2_2023_05_22-10-59-00-080.PNG
Q-D6-AsAq-sii3-3_2,2_Q-D6-AsAq-sii3-3_2_2023_05_23-13-32-30-439.PNG,Asellus_aquaticus,0.3428680737597473,http://localhost:5000/2_Q-D6-AsAq-sii3-3_2_2023_05_23-13-32-30-439.PNG
G-G3-AsAq-koy2-20_3,2_G-G3-AsAq-koy2-20_3_2023_05_15-10-09-56-079.PNG,Asellus_aquaticus,0.3427452377247538,http://localhost:5000/2_G-G3-AsAq-koy2-20_3_2023_05_15-10-09-56-079.PNG
O-D5-AsAq-pus1-11_2,1_O-D5-AsAq-pus1-11_2_2023_05_22-10-58-59-705.PNG,Asellus_aquaticus,0.3416739187629333,http://localhost:5000/1_O-D5-AsAq-pus1-11_2_2023_05_22-10-58-59-705.PNG
O-C10-TiWa-koy1-10_1,1_O-C10-TiWa-koy1-10_1_2023_05_22-10-48-55-029.PNG,Tinodes_waeneri,0.3412793535731118,http://localhost:5000/1_O-C10-TiWa-koy1-10_1_2023_05_22-10-48-55-029.PNG
Q-D6-AsAq-sii3-3_2,2_Q-D6-AsAq-sii3-3_2_2023_05_23-13-32-29-096.PNG,Asellus_aquaticus,0.3409872392079311,http://localhost:5000/2_Q-D6-AsAq-sii3-3_2_2023_05_23-13-32-29-096.PNG
Q-A5-AsAq-sii2-2_1,2_Q-A5-AsAq-sii2-2_1_2023_05_23-10-53-55-480.PNG,Asellus_aquaticus,0.3405174614078866,http://localhost:5000/2_Q-A5-AsAq-sii2-2_1_2023_05_23-10-53-55-480.PNG
O-C10-TiWa-koy1-10_1,1_O-C10-TiWa-koy1-10_1_2023_05_22-10-48-55-261.PNG,Tinodes_waeneri,0.3404738236303122,http://localhost:5000/1_O-C10-TiWa-koy1-10_1_2023_05_22-10-48-55-261.PNG
O-C10-TiWa-koy1-10_1,1_O-C10-TiWa-koy1-10_1_2023_05_22-10-48-54-675.PNG,Tinodes_waeneri,0.3403907391068436,http://localhost:5000/1_O-C10-TiWa-koy1-10_1_2023_05_22-10-48-54-675.PNG
G-G3-AsAq-koy2-20_3,2_G-G3-AsAq-koy2-20_3_2023_05_15-10-09-56-172.PNG,Asellus_aquaticus,0.3400544250319,http://localhost:5000/2_G-G3-AsAq-koy2-20_3_2023_05_15-10-09-56-172.PNG
Q-D6-AsAq-sii3-3_2,2_Q-D6-AsAq-sii3-3_2_2023_05_23-13-32-28-965.PNG,Asellus_aquaticus,0.3400276486280335,http://localhost:5000/2_Q-D6-AsAq-sii3-3_2_2023_05_23-13-32-28-965.PNG
Q-D6-AsAq-sii3-3_2,2_Q-D6-AsAq-sii3-3_2_2023_05_23-13-32-28-635.PNG,Asellus_aquaticus,0.3398353521395292,http://localhost:5000/2_Q-D6-AsAq-sii3-3_2_2023_05_23-13-32-28-635.PNG
O-D5-AsAq-pus1-11_2,1_O-D5-AsAq-pus1-11_2_2023_05_22-10-58-59-997.PNG,Asellus_aquaticus,0.3388894056314714,http://localhost:5000/1_O-D5-AsAq-pus1-11_2_2023_05_22-10-58-59-997.PNG
O-C10-TiWa-koy1-10_1,1_O-C10-TiWa-koy1-10_1_2023_05_22-10-48-54-792.PNG,Tinodes_waeneri,0.3388271582586382,http://localhost:5000/1_O-C10-TiWa-koy1-10_1_2023_05_22-10-48-54-792.PNG
O-C10-TiWa-koy1-10_1,2_O-C10-TiWa-koy1-10_1_2023_05_22-10-48-55-135.PNG,Tinodes_waeneri,0.3387537196743813,http://localhost:5000/2_O-C10-TiWa-koy1-10_1_2023_05_22-10-48-55-135.PNG
Q-D6-AsAq-sii3-3_2,2_Q-D6-AsAq-sii3-3_2_2023_05_23-13-32-29-355.PNG,Asellus_aquaticus,0.3384265884909383,http://localhost:5000/2_Q-D6-AsAq-sii3-3_2_2023_05_23-13-32-29-355.PNG
I-C6-LeHi-kuo1-1_2,1_I-C6-LeHi-kuo1-1_2_2023_05_16-10-20-19-733.PNG,Lepidostoma_hirtum,0.3377900869063864,http://localhost:5000/1_I-C6-LeHi-kuo1-1_2_2023_05_16-10-20-19-733.PNG
Q-A5-AsAq-sii2-2_1,2_Q-A5-AsAq-sii2-2_1_2023_05_23-10-53-55-759.PNG,Asellus_aquaticus,0.3376819130818114,http://localhost:5000/2_Q-A5-AsAq-sii2-2_1_2023_05_23-10-53-55-759.PNG
I-C6-LeHi-kuo1-1_3,1_I-C6-LeHi-kuo1-1_3_2023_05_16-10-20-29-714.PNG,Lepidostoma_hirtum,0.3349336915319553,http://localhost:5000/1_I-C6-LeHi-kuo1-1_3_2023_05_16-10-20-29-714.PNG
I-C6-LeHi-kuo1-1_3,1_I-C6-LeHi-kuo1-1_3_2023_05_16-10-20-29-437.PNG,Lepidostoma_hirtum,0.3347100960704632,http://localhost:5000/1_I-C6-LeHi-kuo1-1_3_2023_05_16-10-20-29-437.PNG
G-G3-AsAq-koy2-20_3,2_G-G3-AsAq-koy2-20_3_2023_05_15-10-09-55-899.PNG,Asellus_aquaticus,0.3346953353011712,http://localhost:5000/2_G-G3-AsAq-koy2-20_3_2023_05_15-10-09-55-899.PNG
Q-A5-AsAq-sii2-2_1,2_Q-A5-AsAq-sii2-2_1_2023_05_23-10-53-56-219.PNG,Asellus_aquaticus,0.3343645404922805,http://localhost:5000/2_Q-A5-AsAq-sii2-2_1_2023_05_23-10-53-56-219.PNG
Q-D6-AsAq-sii3-3_2,2_Q-D6-AsAq-sii3-3_2_2023_05_23-13-32-29-820.PNG,Asellus_aquaticus,0.3340592523848156,http://localhost:5000/2_Q-D6-AsAq-sii3-3_2_2023_05_23-13-32-29-820.PNG
I-C6-LeHi-kuo1-1_2,1_I-C6-LeHi-kuo1-1_2_2023_05_16-10-20-20-231.PNG,Lepidostoma_hirtum,0.333784510375931,http://localhost:5000/1_I-C6-LeHi-kuo1-1_2_2023_05_16-10-20-20-231.PNG
I-C6-LeHi-kuo1-1_2,1_I-C6-LeHi-kuo1-1_2_2023_05_16-10-20-20-787.PNG,Lepidostoma_hirtum,0.3335630750725246,http://localhost:5000/1_I-C6-LeHi-kuo1-1_2_2023_05_16-10-20-20-787.PNG
I-C6-LeHi-kuo1-1_2,1_I-C6-LeHi-kuo1-1_2_2023_05_16-10-20-21-618.PNG,Lepidostoma_hirtum,0.3331077264715604,http://localhost:5000/1_I-C6-LeHi-kuo1-1_2_2023_05_16-10-20-21-618.PNG
I-C6-LeHi-kuo1-1_2,1_I-C6-LeHi-kuo1-1_2_2023_05_16-10-20-22-979.PNG,Lepidostoma_hirtum,0.3329988305309896,http://localhost:5000/1_I-C6-LeHi-kuo1-1_2_2023_05_16-10-20-22-979.PNG
Q-D6-AsAq-sii3-3_2,2_Q-D6-AsAq-sii3-3_2_2023_05_23-13-32-28-701.PNG,Asellus_aquaticus,0.3319975905793864,http://localhost:5000/2_Q-D6-AsAq-sii3-3_2_2023_05_23-13-32-28-701.PNG
O-C10-TiWa-koy1-10_1,1_O-C10-TiWa-koy1-10_1_2023_05_22-10-48-54-325.PNG,Tinodes_waeneri,0.3314403797706557,http://localhost:5000/1_O-C10-TiWa-koy1-10_1_2023_05_22-10-48-54-325.PNG
I-C6-LeHi-kuo1-1_3,1_I-C6-LeHi-kuo1-1_3_2023_05_16-10-20-28-932.PNG,Lepidostoma_hirtum,0.3313829856309978,http://localhost:5000/1_I-C6-LeHi-kuo1-1_3_2023_05_16-10-20-28-932.PNG
O-D5-AsAq-pus1-11_2,2_O-D5-AsAq-pus1-11_2_2023_05_22-10-59-00-153.PNG,Asellus_aquaticus,0.3311150180850151,http://localhost:5000/2_O-D5-AsAq-pus1-11_2_2023_05_22-10-59-00-153.PNG
I-C6-LeHi-kuo1-1_2,1_I-C6-LeHi-kuo1-1_2_2023_05_16-10-20-21-328.PNG,Lepidostoma_hirtum,0.3310462215519599,http://localhost:5000/1_I-C6-LeHi-kuo1-1_2_2023_05_16-10-20-21-328.PNG
I-C6-LeHi-kuo1-1_2,1_I-C6-LeHi-kuo1-1_2_2023_05_16-10-20-20-510.PNG,Lepidostoma_hirtum,0.3298422439056941,http://localhost:5000/1_I-C6-LeHi-kuo1-1_2_2023_05_16-10-20-20-510.PNG
Q-D6-AsAq-sii3-3_2,2_Q-D6-AsAq-sii3-3_2_2023_05_23-13-32-29-030.PNG,Asellus_aquaticus,0.3297123828838925,http://localhost:5000/2_Q-D6-AsAq-sii3-3_2_2023_05_23-13-32-29-030.PNG
I-C6-LeHi-kuo1-1_2,1_I-C6-LeHi-kuo1-1_2_2023_05_16-10-20-23-316.PNG,Lepidostoma_hirtum,0.3294540119665267,http://localhost:5000/1_I-C6-LeHi-kuo1-1_2_2023_05_16-10-20-23-316.PNG
O-C10-TiWa-koy1-10_1,2_O-C10-TiWa-koy1-10_1_2023_05_22-10-48-53-839.PNG,Tinodes_waeneri,0.3294213392508647,http://localhost:5000/2_O-C10-TiWa-koy1-10_1_2023_05_22-10-48-53-839.PNG
I-C6-LeHi-kuo1-1_3,1_I-C6-LeHi-kuo1-1_3_2023_05_16-10-20-28-652.PNG,Lepidostoma_hirtum,0.3292620527950388,http://localhost:5000/1_I-C6-LeHi-kuo1-1_3_2023_05_16-10-20-28-652.PNG
O-D5-AsAq-pus1-11_2,1_O-D5-AsAq-pus1-11_2_2023_05_22-10-58-59-925.PNG,Asellus_aquaticus,0.3287932769717075,http://localhost:5000/1_O-D5-AsAq-pus1-11_2_2023_05_22-10-58-59-925.PNG
I-C6-LeHi-kuo1-1_3,1_I-C6-LeHi-kuo1-1_3_2023_05_16-10-20-29-994.PNG,Lepidostoma_hirtum,0.3284892345874193,http://localhost:5000/1_I-C6-LeHi-kuo1-1_3_2023_05_16-10-20-29-994.PNG
Q-A5-AsAq-sii2-2_1,2_Q-A5-AsAq-sii2-2_1_2023_05_23-10-53-55-847.PNG,Asellus_aquaticus,0.3283084127645431,http://localhost:5000/2_Q-A5-AsAq-sii2-2_1_2023_05_23-10-53-55-847.PNG
I-C6-LeHi-kuo1-1_2,1_I-C6-LeHi-kuo1-1_2_2023_05_16-10-20-22-110.PNG,Lepidostoma_hirtum,0.3279598864996014,http://localhost:5000/1_I-C6-LeHi-kuo1-1_2_2023_05_16-10-20-22-110.PNG
Q-A5-AsAq-sii2-2_1,2_Q-A5-AsAq-sii2-2_1_2023_05_23-10-53-56-133.PNG,Asellus_aquaticus,0.3261452251573824,http://localhost:5000/2_Q-A5-AsAq-sii2-2_1_2023_05_23-10-53-56-133.PNG
I-C6-LeHi-kuo1-1_2,1_I-C6-LeHi-kuo1-1_2_2023_05_16-10-20-22-385.PNG,Lepidostoma_hirtum,0.3258372827076143,http://localhost:5000/1_I-C6-LeHi-kuo1-1_2_2023_05_16-10-20-22-385.PNG
Q-A5-AsAq-sii2-2_1,2_Q-A5-AsAq-sii2-2_1_2023_05_23-10-53-55-369.PNG,Asellus_aquaticus,0.3246409375797531,http://localhost:5000/2_Q-A5-AsAq-sii2-2_1_2023_05_23-10-53-55-369.PNG
Q-A5-AsAq-sii2-2_1,2_Q-A5-AsAq-sii2-2_1_2023_05_23-10-53-55-934.PNG,Asellus_aquaticus,0.3245248309189817,http://localhost:5000/2_Q-A5-AsAq-sii2-2_1_2023_05_23-10-53-55-934.PNG
O-C10-TiWa-koy1-10_1,1_O-C10-TiWa-koy1-10_1_2023_05_22-10-48-53-969.PNG,Tinodes_waeneri,0.3243370208651253,http://localhost:5000/1_O-C10-TiWa-koy1-10_1_2023_05_22-10-48-53-969.PNG
I-C6-LeHi-kuo1-1_2,1_I-C6-LeHi-kuo1-1_2_2023_05_16-10-20-18-464.PNG,Lepidostoma_hirtum,0.3235862620622809,http://localhost:5000/1_I-C6-LeHi-kuo1-1_2_2023_05_16-10-20-18-464.PNG
I-C6-LeHi-kuo1-1_2,1_I-C6-LeHi-kuo1-1_2_2023_05_16-10-20-25-776.PNG,Lepidostoma_hirtum,0.3229774608959758,http://localhost:5000/1_I-C6-LeHi-kuo1-1_2_2023_05_16-10-20-25-776.PNG
I-C6-LeHi-kuo1-1_3,1_I-C6-LeHi-kuo1-1_3_2023_05_16-10-20-27-875.PNG,Lepidostoma_hirtum,0.3216629059459798,http://localhost:5000/1_I-C6-LeHi-kuo1-1_3_2023_05_16-10-20-27-875.PNG
I-C6-LeHi-kuo1-1_3,1_I-C6-LeHi-kuo1-1_3_2023_05_16-10-20-27-600.PNG,Lepidostoma_hirtum,0.3214714826718735,http://localhost:5000/1_I-C6-LeHi-kuo1-1_3_2023_05_16-10-20-27-600.PNG
I-C6-LeHi-kuo1-1_2,1_I-C6-LeHi-kuo1-1_2_2023_05_16-10-20-25-470.PNG,Lepidostoma_hirtum,0.3212462602199635,http://localhost:5000/1_I-C6-LeHi-kuo1-1_2_2023_05_16-10-20-25-470.PNG
I-C6-LeHi-kuo1-1_3,1_I-C6-LeHi-kuo1-1_3_2023_05_16-10-20-27-097.PNG,Lepidostoma_hirtum,0.3211743216359837,http://localhost:5000/1_I-C6-LeHi-kuo1-1_3_2023_05_16-10-20-27-097.PNG
I-C6-LeHi-kuo1-1_2,1_I-C6-LeHi-kuo1-1_2_2023_05_16-10-20-23-883.PNG,Lepidostoma_hirtum,0.3209823655409516,http://localhost:5000/1_I-C6-LeHi-kuo1-1_2_2023_05_16-10-20-23-883.PNG
Q-D6-AsAq-sii3-3_2,2_Q-D6-AsAq-sii3-3_2_2023_05_23-13-32-29-245.PNG,Asellus_aquaticus,0.3209748750468186,http://localhost:5000/2_Q-D6-AsAq-sii3-3_2_2023_05_23-13-32-29-245.PNG
I-C6-LeHi-kuo1-1_2,1_I-C6-LeHi-kuo1-1_2_2023_05_16-10-20-24-672.PNG,Lepidostoma_hirtum,0.3205899969965101,http://localhost:5000/1_I-C6-LeHi-kuo1-1_2_2023_05_16-10-20-24-672.PNG
Q-A5-AsAq-sii2-2_1,2_Q-A5-AsAq-sii2-2_1_2023_05_23-10-53-55-282.PNG,Asellus_aquaticus,0.3201412982364836,http://localhost:5000/2_Q-A5-AsAq-sii2-2_1_2023_05_23-10-53-55-282.PNG
I-C6-LeHi-kuo1-1_2,1_I-C6-LeHi-kuo1-1_2_2023_05_16-10-20-24-175.PNG,Lepidostoma_hirtum,0.3188424044551726,http://localhost:5000/1_I-C6-LeHi-kuo1-1_2_2023_05_16-10-20-24-175.PNG
Q-D6-AsAq-sii3-3_2,2_Q-D6-AsAq-sii3-3_2_2023_05_23-13-32-28-569.PNG,Asellus_aquaticus,0.3186918430459701,http://localhost:5000/2_Q-D6-AsAq-sii3-3_2_2023_05_23-13-32-28-569.PNG
I-C6-LeHi-kuo1-1_3,1_I-C6-LeHi-kuo1-1_3_2023_05_16-10-20-28-183.PNG,Lepidostoma_hirtum,0.318657041369225,http://localhost:5000/1_I-C6-LeHi-kuo1-1_3_2023_05_16-10-20-28-183.PNG
O-D5-AsAq-pus1-11_2,1_O-D5-AsAq-pus1-11_2_2023_05_22-10-58-59-851.PNG,Asellus_aquaticus,0.3173074930088544,http://localhost:5000/1_O-D5-AsAq-pus1-11_2_2023_05_22-10-58-59-851.PNG
O-C10-TiWa-koy1-10_1,2_O-C10-TiWa-koy1-10_1_2023_05_22-10-48-53-956.PNG,Tinodes_waeneri,0.3169294659067271,http://localhost:5000/2_O-C10-TiWa-koy1-10_1_2023_05_22-10-48-53-956.PNG
O-C10-TiWa-koy1-10_1,2_O-C10-TiWa-koy1-10_1_2023_05_22-10-48-54-075.PNG,Tinodes_waeneri,0.3157435436149129,http://localhost:5000/2_O-C10-TiWa-koy1-10_1_2023_05_22-10-48-54-075.PNG
Q-A5-AsAq-sii2-2_1,2_Q-A5-AsAq-sii2-2_1_2023_05_23-10-53-56-020.PNG,Asellus_aquaticus,0.3154416518406285,http://localhost:5000/2_Q-A5-AsAq-sii2-2_1_2023_05_23-10-53-56-020.PNG
O-C10-TiWa-koy1-10_1,2_O-C10-TiWa-koy1-10_1_2023_05_22-10-48-54-546.PNG,Tinodes_waeneri,0.3144677090981038,http://localhost:5000/2_O-C10-TiWa-koy1-10_1_2023_05_22-10-48-54-546.PNG
I-C6-LeHi-kuo1-1_2,1_I-C6-LeHi-kuo1-1_2_2023_05_16-10-20-24-949.PNG,Lepidostoma_hirtum,0.3139144700636264,http://localhost:5000/1_I-C6-LeHi-kuo1-1_2_2023_05_16-10-20-24-949.PNG
O-C10-TiWa-koy1-10_1,2_O-C10-TiWa-koy1-10_1_2023_05_22-10-48-54-313.PNG,Tinodes_waeneri,0.3129526228133641,http://localhost:5000/2_O-C10-TiWa-koy1-10_1_2023_05_22-10-48-54-313.PNG
O-C6-AsAq-pus1-9_1,2_O-C6-AsAq-pus1-9_1_2023_05_22-10-44-37-219.PNG,Asellus_aquaticus,0.3128491980265163,http://localhost:5000/2_O-C6-AsAq-pus1-9_1_2023_05_22-10-44-37-219.PNG
I-C6-LeHi-kuo1-1_3,1_I-C6-LeHi-kuo1-1_3_2023_05_16-10-20-26-796.PNG,Lepidostoma_hirtum,0.3117000594596959,http://localhost:5000/1_I-C6-LeHi-kuo1-1_3_2023_05_16-10-20-26-796.PNG
O-C10-TiWa-koy1-10_1,1_O-C10-TiWa-koy1-10_1_2023_05_22-10-48-54-207.PNG,Tinodes_waeneri,0.3099548078052369,http://localhost:5000/1_O-C10-TiWa-koy1-10_1_2023_05_22-10-48-54-207.PNG
O-C10-TiWa-koy1-10_1,1_O-C10-TiWa-koy1-10_1_2023_05_22-10-48-54-441.PNG,Tinodes_waeneri,0.3095494799141436,http://localhost:5000/1_O-C10-TiWa-koy1-10_1_2023_05_22-10-48-54-441.PNG
O-C6-AsAq-pus1-9_1,1_O-C6-AsAq-pus1-9_1_2023_05_22-10-44-37-046.PNG,Asellus_aquaticus,0.3095184507685024,http://localhost:5000/1_O-C6-AsAq-pus1-9_1_2023_05_22-10-44-37-046.PNG
O-C6-AsAq-pus1-9_1,1_O-C6-AsAq-pus1-9_1_2023_05_22-10-44-36-808.PNG,Asellus_aquaticus,0.3089676303072975,http://localhost:5000/1_O-C6-AsAq-pus1-9_1_2023_05_22-10-44-36-808.PNG
O-C10-TiWa-koy1-10_1,2_O-C10-TiWa-koy1-10_1_2023_05_22-10-48-54-195.PNG,Tinodes_waeneri,0.3087745511072222,http://localhost:5000/2_O-C10-TiWa-koy1-10_1_2023_05_22-10-48-54-195.PNG
Q-D6-AsAq-sii3-3_2,2_Q-D6-AsAq-sii3-3_2_2023_05_23-13-32-28-438.PNG,Asellus_aquaticus,0.3086736879930138,http://localhost:5000/2_Q-D6-AsAq-sii3-3_2_2023_05_23-13-32-28-438.PNG
O-C6-AsAq-pus1-9_1,1_O-C6-AsAq-pus1-9_1_2023_05_22-10-44-37-163.PNG,Asellus_aquaticus,0.3085835436313705,http://localhost:5000/1_O-C6-AsAq-pus1-9_1_2023_05_22-10-44-37-163.PNG
O-C10-TiWa-koy1-10_1,2_O-C10-TiWa-koy1-10_1_2023_05_22-10-48-53-721.PNG,Tinodes_waeneri,0.3080795559266969,http://localhost:5000/2_O-C10-TiWa-koy1-10_1_2023_05_22-10-48-53-721.PNG
O-D5-AsAq-pus1-11_2,2_O-D5-AsAq-pus1-11_2_2023_05_22-10-58-59-864.PNG,Asellus_aquaticus,0.3080484704310169,http://localhost:5000/2_O-D5-AsAq-pus1-11_2_2023_05_22-10-58-59-864.PNG
O-C6-AsAq-pus1-9_1,1_O-C6-AsAq-pus1-9_1_2023_05_22-10-44-36-689.PNG,Asellus_aquaticus,0.3072196001216208,http://localhost:5000/1_O-C6-AsAq-pus1-9_1_2023_05_22-10-44-36-689.PNG
O-C6-AsAq-pus1-9_1,1_O-C6-AsAq-pus1-9_1_2023_05_22-10-44-37-282.PNG,Asellus_aquaticus,0.3051331931012633,http://localhost:5000/1_O-C6-AsAq-pus1-9_1_2023_05_22-10-44-37-282.PNG
O-C6-AsAq-pus1-9_1,1_O-C6-AsAq-pus1-9_1_2023_05_22-10-44-36-569.PNG,Asellus_aquaticus,0.3051191888654616,http://localhost:5000/1_O-C6-AsAq-pus1-9_1_2023_05_22-10-44-36-569.PNG
A-A6-AsAq-ala1-3_1,1_A-A6-AsAq-ala1-3_1_2023_05_04-09-41-26-682.PNG,Asellus_aquaticus,0.3048727055915579,http://localhost:5000/1_A-A6-AsAq-ala1-3_1_2023_05_04-09-41-26-682.PNG
O-C10-TiWa-koy1-10_1,2_O-C10-TiWa-koy1-10_1_2023_05_22-10-48-54-419.PNG,Tinodes_waeneri,0.3047190308487758,http://localhost:5000/2_O-C10-TiWa-koy1-10_1_2023_05_22-10-48-54-419.PNG
O-C6-AsAq-pus1-9_1,1_O-C6-AsAq-pus1-9_1_2023_05_22-10-44-37-422.PNG,Asellus_aquaticus,0.3039209691010068,http://localhost:5000/1_O-C6-AsAq-pus1-9_1_2023_05_22-10-44-37-422.PNG
O-C6-AsAq-pus1-9_1,2_O-C6-AsAq-pus1-9_1_2023_05_22-10-44-37-104.PNG,Asellus_aquaticus,0.3036469394391917,http://localhost:5000/2_O-C6-AsAq-pus1-9_1_2023_05_22-10-44-37-104.PNG
O-C6-AsAq-pus1-9_1,1_O-C6-AsAq-pus1-9_1_2023_05_22-10-44-36-929.PNG,Asellus_aquaticus,0.302860010391576,http://localhost:5000/1_O-C6-AsAq-pus1-9_1_2023_05_22-10-44-36-929.PNG
O-C10-TiWa-koy1-10_1,1_O-C10-TiWa-koy1-10_1_2023_05_22-10-48-53-733.PNG,Tinodes_waeneri,0.3025109206125549,http://localhost:5000/1_O-C10-TiWa-koy1-10_1_2023_05_22-10-48-53-733.PNG
O-D5-AsAq-pus1-11_2,2_O-D5-AsAq-pus1-11_2_2023_05_22-10-59-00-236.PNG,Asellus_aquaticus,0.3024677506108133,http://localhost:5000/2_O-D5-AsAq-pus1-11_2_2023_05_22-10-59-00-236.PNG
Q-D6-AsAq-sii3-3_2,2_Q-D6-AsAq-sii3-3_2_2023_05_23-13-32-28-373.PNG,Asellus_aquaticus,0.3024410756505428,http://localhost:5000/2_Q-D6-AsAq-sii3-3_2_2023_05_23-13-32-28-373.PNG
O-D5-AsAq-pus1-11_2,2_O-D5-AsAq-pus1-11_2_2023_05_22-10-59-00-010.PNG,Asellus_aquaticus,0.3022777200148665,http://localhost:5000/2_O-D5-AsAq-pus1-11_2_2023_05_22-10-59-00-010.PNG
O-C6-AsAq-pus1-9_1,1_O-C6-AsAq-pus1-9_1_2023_05_22-10-44-36-450.PNG,Asellus_aquaticus,0.301014941116165,http://localhost:5000/1_O-C6-AsAq-pus1-9_1_2023_05_22-10-44-36-450.PNG
Q-D6-AsAq-sii3-3_2,2_Q-D6-AsAq-sii3-3_2_2023_05_23-13-32-28-503.PNG,Asellus_aquaticus,0.3009505269785458,http://localhost:5000/2_Q-D6-AsAq-sii3-3_2_2023_05_23-13-32-28-503.PNG
O-D5-AsAq-pus1-11_2,2_O-D5-AsAq-pus1-11_2_2023_05_22-10-58-59-937.PNG,Asellus_aquaticus,0.2999193833139869,http://localhost:5000/2_O-D5-AsAq-pus1-11_2_2023_05_22-10-58-59-937.PNG
N-D1-KaFu-sii2-3_3,1_N-D1-KaFu-sii2-3_3_2023_05_19-15-02-49-812.PNG,Kageronia_fuscogrisea,0.2993371837880777,http://localhost:5000/1_N-D1-KaFu-sii2-3_3_2023_05_19-15-02-49-812.PNG
O-C10-TiWa-koy1-10_1,1_O-C10-TiWa-koy1-10_1_2023_05_22-10-48-53-851.PNG,Tinodes_waeneri,0.2987331263899099,http://localhost:5000/1_O-C10-TiWa-koy1-10_1_2023_05_22-10-48-53-851.PNG
O-C6-AsAq-pus1-9_1,2_O-C6-AsAq-pus1-9_1_2023_05_22-10-44-36-988.PNG,Asellus_aquaticus,0.2977349120708322,http://localhost:5000/2_O-C6-AsAq-pus1-9_1_2023_05_22-10-44-36-988.PNG
O-D5-AsAq-pus1-11_2,2_O-D5-AsAq-pus1-11_2_2023_05_22-10-58-59-790.PNG,Asellus_aquaticus,0.295903792845359,http://localhost:5000/2_O-D5-AsAq-pus1-11_2_2023_05_22-10-58-59-790.PNG
Q-A5-AsAq-sii2-2_1,2_Q-A5-AsAq-sii2-2_1_2023_05_23-10-53-55-193.PNG,Asellus_aquaticus,0.2933198658319195,http://localhost:5000/2_Q-A5-AsAq-sii2-2_1_2023_05_23-10-53-55-193.PNG
O-C6-AsAq-pus1-9_1,1_O-C6-AsAq-pus1-9_1_2023_05_22-10-44-36-330.PNG,Asellus_aquaticus,0.2912825653896054,http://localhost:5000/1_O-C6-AsAq-pus1-9_1_2023_05_22-10-44-36-330.PNG
O-D5-AsAq-pus1-11_2,2_O-D5-AsAq-pus1-11_2_2023_05_22-10-58-59-718.PNG,Asellus_aquaticus,0.2892535230704768,http://localhost:5000/2_O-D5-AsAq-pus1-11_2_2023_05_22-10-58-59-718.PNG
O-D5-AsAq-pus1-11_2,1_O-D5-AsAq-pus1-11_2_2023_05_22-10-59-00-070.PNG,Asellus_aquaticus,0.2864754897995328,http://localhost:5000/1_O-D5-AsAq-pus1-11_2_2023_05_22-10-59-00-070.PNG
I-H2-AsAq-koy2-48_2,1_I-H2-AsAq-koy2-48_2_2023_05_16-13-37-54-444.PNG,Asellus_aquaticus,0.28620264818186,http://localhost:5000/1_I-H2-AsAq-koy2-48_2_2023_05_16-13-37-54-444.PNG
Q-D5-TiWa-pus3-7_1,2_Q-D5-TiWa-pus3-7_1_2023_05_23-13-31-37-337.PNG,Tinodes_waeneri,0.2855211578713148,http://localhost:5000/2_Q-D5-TiWa-pus3-7_1_2023_05_23-13-31-37-337.PNG
O-C10-TiWa-koy1-10_1,1_O-C10-TiWa-koy1-10_1_2023_05_22-10-48-54-088.PNG,Tinodes_waeneri,0.2849541668180033,http://localhost:5000/1_O-C10-TiWa-koy1-10_1_2023_05_22-10-48-54-088.PNG
O-C6-AsAq-pus1-9_1,1_O-C6-AsAq-pus1-9_1_2023_05_22-10-44-36-210.PNG,Asellus_aquaticus,0.2844890317175703,http://localhost:5000/1_O-C6-AsAq-pus1-9_1_2023_05_22-10-44-36-210.PNG
I-H2-AsAq-koy2-48_2,2_I-H2-AsAq-koy2-48_2_2023_05_16-13-37-53-743.PNG,Asellus_aquaticus,0.2838197119666421,http://localhost:5000/2_I-H2-AsAq-koy2-48_2_2023_05_16-13-37-53-743.PNG
I-H2-AsAq-koy2-48_2,2_I-H2-AsAq-koy2-48_2_2023_05_16-13-37-55-065.PNG,Asellus_aquaticus,0.2827363942593272,http://localhost:5000/2_I-H2-AsAq-koy2-48_2_2023_05_16-13-37-55-065.PNG
O-D5-AsAq-pus1-11_2,1_O-D5-AsAq-pus1-11_2_2023_05_22-10-59-00-141.PNG,Asellus_aquaticus,0.2815320420384651,http://localhost:5000/1_O-D5-AsAq-pus1-11_2_2023_05_22-10-59-00-141.PNG
I-H2-AsAq-koy2-48_2,1_I-H2-AsAq-koy2-48_2_2023_05_16-13-37-54-255.PNG,Asellus_aquaticus,0.2815147065157413,http://localhost:5000/1_I-H2-AsAq-koy2-48_2_2023_05_16-13-37-54-255.PNG
N-B3-HeDa-kaj2-3_2,1_N-B3-HeDa-kaj2-3_2_2023_05_19-13-57-24-594.PNG,Heptagenia_dalecarlica,0.2814323019737775,http://localhost:5000/1_N-B3-HeDa-kaj2-3_2_2023_05_19-13-57-24-594.PNG
I-H2-AsAq-koy2-48_2,2_I-H2-AsAq-koy2-48_2_2023_05_16-13-37-53-837.PNG,Asellus_aquaticus,0.2813240446737732,http://localhost:5000/2_I-H2-AsAq-koy2-48_2_2023_05_16-13-37-53-837.PNG
I-H2-AsAq-koy2-48_2,1_I-H2-AsAq-koy2-48_2_2023_05_16-13-37-54-818.PNG,Asellus_aquaticus,0.280629413983256,http://localhost:5000/1_I-H2-AsAq-koy2-48_2_2023_05_16-13-37-54-818.PNG
O-C6-AsAq-pus1-9_1,2_O-C6-AsAq-pus1-9_1_2023_05_22-10-44-36-148.PNG,Asellus_aquaticus,0.2795257187590472,http://localhost:5000/2_O-C6-AsAq-pus1-9_1_2023_05_22-10-44-36-148.PNG
I-H2-AsAq-koy2-48_2,1_I-H2-AsAq-koy2-48_2_2023_05_16-13-37-54-913.PNG,Asellus_aquaticus,0.2789390606347898,http://localhost:5000/1_I-H2-AsAq-koy2-48_2_2023_05_16-13-37-54-913.PNG
O-C6-AsAq-pus1-9_1,2_O-C6-AsAq-pus1-9_1_2023_05_22-10-44-36-748.PNG,Asellus_aquaticus,0.2783566669899291,http://localhost:5000/2_O-C6-AsAq-pus1-9_1_2023_05_22-10-44-36-748.PNG
O-C6-AsAq-pus1-9_1,2_O-C6-AsAq-pus1-9_1_2023_05_22-10-44-36-029.PNG,Asellus_aquaticus,0.2778816533856209,http://localhost:5000/2_O-C6-AsAq-pus1-9_1_2023_05_22-10-44-36-029.PNG
I-H2-AsAq-koy2-48_2,2_I-H2-AsAq-koy2-48_2_2023_05_16-13-37-53-934.PNG,Asellus_aquaticus,0.2773173706830484,http://localhost:5000/2_I-H2-AsAq-koy2-48_2_2023_05_16-13-37-53-934.PNG
A-A6-AsAq-ala1-3_1,2_A-A6-AsAq-ala1-3_1_2023_05_04-09-41-26-698.PNG,Asellus_aquaticus,0.2772047317216055,http://localhost:5000/2_A-A6-AsAq-ala1-3_1_2023_05_04-09-41-26-698.PNG
I-H2-AsAq-koy2-48_2,2_I-H2-AsAq-koy2-48_2_2023_05_16-13-37-54-125.PNG,Asellus_aquaticus,0.2771029699160555,http://localhost:5000/2_I-H2-AsAq-koy2-48_2_2023_05_16-13-37-54-125.PNG
I-H2-AsAq-koy2-48_2,1_I-H2-AsAq-koy2-48_2_2023_05_16-13-37-55-008.PNG,Asellus_aquaticus,0.2765728675198937,http://localhost:5000/1_I-H2-AsAq-koy2-48_2_2023_05_16-13-37-55-008.PNG
I-H2-AsAq-koy2-48_2,2_I-H2-AsAq-koy2-48_2_2023_05_16-13-37-55-160.PNG,Asellus_aquaticus,0.2764132996143394,http://localhost:5000/2_I-H2-AsAq-koy2-48_2_2023_05_16-13-37-55-160.PNG
I-H2-AsAq-koy2-48_2,2_I-H2-AsAq-koy2-48_2_2023_05_16-13-37-55-251.PNG,Asellus_aquaticus,0.2762418983862315,http://localhost:5000/2_I-H2-AsAq-koy2-48_2_2023_05_16-13-37-55-251.PNG
I-H2-AsAq-koy2-48_2,1_I-H2-AsAq-koy2-48_2_2023_05_16-13-37-54-724.PNG,Asellus_aquaticus,0.2756005256336855,http://localhost:5000/1_I-H2-AsAq-koy2-48_2_2023_05_16-13-37-54-724.PNG
I-H2-AsAq-koy2-48_2,1_I-H2-AsAq-koy2-48_2_2023_05_16-13-37-54-065.PNG,Asellus_aquaticus,0.27546329907673,http://localhost:5000/1_I-H2-AsAq-koy2-48_2_2023_05_16-13-37-54-065.PNG
O-C6-AsAq-pus1-9_1,2_O-C6-AsAq-pus1-9_1_2023_05_22-10-44-36-868.PNG,Asellus_aquaticus,0.2744915858032513,http://localhost:5000/2_O-C6-AsAq-pus1-9_1_2023_05_22-10-44-36-868.PNG
I-H2-AsAq-koy2-48_2,2_I-H2-AsAq-koy2-48_2_2023_05_16-13-37-54-030.PNG,Asellus_aquaticus,0.274292917783036,http://localhost:5000/2_I-H2-AsAq-koy2-48_2_2023_05_16-13-37-54-030.PNG
I-H2-AsAq-koy2-48_2,1_I-H2-AsAq-koy2-48_2_2023_05_16-13-37-53-970.PNG,Asellus_aquaticus,0.2740664348425327,http://localhost:5000/1_I-H2-AsAq-koy2-48_2_2023_05_16-13-37-53-970.PNG
I-H2-AsAq-koy2-48_2,2_I-H2-AsAq-koy2-48_2_2023_05_16-13-37-54-877.PNG,Asellus_aquaticus,0.2740635978500237,http://localhost:5000/2_I-H2-AsAq-koy2-48_2_2023_05_16-13-37-54-877.PNG
I-H2-AsAq-koy2-48_2,2_I-H2-AsAq-koy2-48_2_2023_05_16-13-37-54-689.PNG,Asellus_aquaticus,0.274031630466971,http://localhost:5000/2_I-H2-AsAq-koy2-48_2_2023_05_16-13-37-54-689.PNG
O-C6-AsAq-pus1-9_1,1_O-C6-AsAq-pus1-9_1_2023_05_22-10-44-36-089.PNG,Asellus_aquaticus,0.274030210705066,http://localhost:5000/1_O-C6-AsAq-pus1-9_1_2023_05_22-10-44-36-089.PNG
O-C6-AsAq-pus1-9_1,2_O-C6-AsAq-pus1-9_1_2023_05_22-10-44-36-627.PNG,Asellus_aquaticus,0.2736656853443929,http://localhost:5000/2_O-C6-AsAq-pus1-9_1_2023_05_22-10-44-36-627.PNG
O-C6-AsAq-pus1-9_1,1_O-C6-AsAq-pus1-9_1_2023_05_22-10-44-35-971.PNG,Asellus_aquaticus,0.2735277825124342,http://localhost:5000/1_O-C6-AsAq-pus1-9_1_2023_05_22-10-44-35-971.PNG
D-G12-KaFu-iso3-14_2,1_D-G12-KaFu-iso3-14_2_2023_05_10-13-24-13-414.PNG,Kageronia_fuscogrisea,0.2735131827042437,http://localhost:5000/1_D-G12-KaFu-iso3-14_2_2023_05_10-13-24-13-414.PNG
I-H2-AsAq-koy2-48_2,2_I-H2-AsAq-koy2-48_2_2023_05_16-13-37-54-974.PNG,Asellus_aquaticus,0.2724296679694143,http://localhost:5000/2_I-H2-AsAq-koy2-48_2_2023_05_16-13-37-54-974.PNG
I-H2-AsAq-koy2-48_2,1_I-H2-AsAq-koy2-48_2_2023_05_16-13-37-54-161.PNG,Asellus_aquaticus,0.2720816932473071,http://localhost:5000/1_I-H2-AsAq-koy2-48_2_2023_05_16-13-37-54-161.PNG
I-H2-AsAq-koy2-48_2,1_I-H2-AsAq-koy2-48_2_2023_05_16-13-37-53-873.PNG,Asellus_aquaticus,0.2716116046155086,http://localhost:5000/1_I-H2-AsAq-koy2-48_2_2023_05_16-13-37-53-873.PNG
I-H2-AsAq-koy2-48_2,2_I-H2-AsAq-koy2-48_2_2023_05_16-13-37-54-783.PNG,Asellus_aquaticus,0.2698324802790994,http://localhost:5000/2_I-H2-AsAq-koy2-48_2_2023_05_16-13-37-54-783.PNG
O-C6-AsAq-pus1-9_1,2_O-C6-AsAq-pus1-9_1_2023_05_22-10-44-36-268.PNG,Asellus_aquaticus,0.2697151120635849,http://localhost:5000/2_O-C6-AsAq-pus1-9_1_2023_05_22-10-44-36-268.PNG
I-H2-AsAq-koy2-48_2,1_I-H2-AsAq-koy2-48_2_2023_05_16-13-37-54-349.PNG,Asellus_aquaticus,0.2692852695806448,http://localhost:5000/1_I-H2-AsAq-koy2-48_2_2023_05_16-13-37-54-349.PNG
I-H2-AsAq-koy2-48_2,1_I-H2-AsAq-koy2-48_2_2023_05_16-13-37-54-538.PNG,Asellus_aquaticus,0.2687081931013374,http://localhost:5000/1_I-H2-AsAq-koy2-48_2_2023_05_16-13-37-54-538.PNG
D-G12-KaFu-iso3-14_2,1_D-G12-KaFu-iso3-14_2_2023_05_10-13-24-13-083.PNG,Kageronia_fuscogrisea,0.2686381249708135,http://localhost:5000/1_D-G12-KaFu-iso3-14_2_2023_05_10-13-24-13-083.PNG
I-H2-AsAq-koy2-48_2,1_I-H2-AsAq-koy2-48_2_2023_05_16-13-37-55-194.PNG,Asellus_aquaticus,0.2682631582648257,http://localhost:5000/1_I-H2-AsAq-koy2-48_2_2023_05_16-13-37-55-194.PNG
D-G12-KaFu-iso3-14_2,1_D-G12-KaFu-iso3-14_2_2023_05_10-13-24-13-525.PNG,Kageronia_fuscogrisea,0.2677172632785218,http://localhost:5000/1_D-G12-KaFu-iso3-14_2_2023_05_10-13-24-13-525.PNG
G-D4-AsAq-koy2-12_1,2_G-D4-AsAq-koy2-12_1_2023_05_12-11-29-18-298.PNG,Asellus_aquaticus,0.2674570154345944,http://localhost:5000/2_G-D4-AsAq-koy2-12_1_2023_05_12-11-29-18-298.PNG
D-G12-KaFu-iso3-14_2,1_D-G12-KaFu-iso3-14_2_2023_05_10-13-24-13-304.PNG,Kageronia_fuscogrisea,0.2673103160377444,http://localhost:5000/1_D-G12-KaFu-iso3-14_2_2023_05_10-13-24-13-304.PNG
I-H2-AsAq-koy2-48_2,2_I-H2-AsAq-koy2-48_2_2023_05_16-13-37-54-596.PNG,Asellus_aquaticus,0.2672838624627761,http://localhost:5000/2_I-H2-AsAq-koy2-48_2_2023_05_16-13-37-54-596.PNG
I-H2-AsAq-koy2-48_2,1_I-H2-AsAq-koy2-48_2_2023_05_16-13-37-55-100.PNG,Asellus_aquaticus,0.2669279777776701,http://localhost:5000/1_I-H2-AsAq-koy2-48_2_2023_05_16-13-37-55-100.PNG
O-C6-AsAq-pus1-9_1,2_O-C6-AsAq-pus1-9_1_2023_05_22-10-44-36-509.PNG,Asellus_aquaticus,0.2662146411817224,http://localhost:5000/2_O-C6-AsAq-pus1-9_1_2023_05_22-10-44-36-509.PNG
I-H2-AsAq-koy2-48_2,1_I-H2-AsAq-koy2-48_2_2023_05_16-13-37-55-285.PNG,Asellus_aquaticus,0.2659038257550254,http://localhost:5000/1_I-H2-AsAq-koy2-48_2_2023_05_16-13-37-55-285.PNG
I-H2-AsAq-koy2-48_2,2_I-H2-AsAq-koy2-48_2_2023_05_16-13-37-53-656.PNG,Asellus_aquaticus,0.2657990138607068,http://localhost:5000/2_I-H2-AsAq-koy2-48_2_2023_05_16-13-37-53-656.PNG
I-H2-AsAq-koy2-48_2,2_I-H2-AsAq-koy2-48_2_2023_05_16-13-37-54-220.PNG,Asellus_aquaticus,0.2657568532202468,http://localhost:5000/2_I-H2-AsAq-koy2-48_2_2023_05_16-13-37-54-220.PNG
O-D5-AsAq-pus1-11_2,1_O-D5-AsAq-pus1-11_2_2023_05_22-10-59-00-225.PNG,Asellus_aquaticus,0.2650801224525339,http://localhost:5000/1_O-D5-AsAq-pus1-11_2_2023_05_22-10-59-00-225.PNG
I-H2-AsAq-koy2-48_2,2_I-H2-AsAq-koy2-48_2_2023_05_16-13-37-54-314.PNG,Asellus_aquaticus,0.2645446054451369,http://localhost:5000/2_I-H2-AsAq-koy2-48_2_2023_05_16-13-37-54-314.PNG
I-H2-AsAq-koy2-48_2,1_I-H2-AsAq-koy2-48_2_2023_05_16-13-37-53-778.PNG,Asellus_aquaticus,0.2641090751427206,http://localhost:5000/1_I-H2-AsAq-koy2-48_2_2023_05_16-13-37-53-778.PNG
I-H2-AsAq-koy2-48_2,2_I-H2-AsAq-koy2-48_2_2023_05_16-13-37-54-408.PNG,Asellus_aquaticus,0.2637109845876215,http://localhost:5000/2_I-H2-AsAq-koy2-48_2_2023_05_16-13-37-54-408.PNG
D-G12-KaFu-iso3-14_2,1_D-G12-KaFu-iso3-14_2_2023_05_10-13-24-13-194.PNG,Kageronia_fuscogrisea,0.2606242220464342,http://localhost:5000/1_D-G12-KaFu-iso3-14_2_2023_05_10-13-24-13-194.PNG
D-G12-KaFu-iso3-14_2,1_D-G12-KaFu-iso3-14_2_2023_05_10-13-24-12-865.PNG,Kageronia_fuscogrisea,0.2600679379340698,http://localhost:5000/1_D-G12-KaFu-iso3-14_2_2023_05_10-13-24-12-865.PNG
I-H2-AsAq-koy2-48_2,2_I-H2-AsAq-koy2-48_2_2023_05_16-13-37-54-503.PNG,Asellus_aquaticus,0.2588575327614374,http://localhost:5000/2_I-H2-AsAq-koy2-48_2_2023_05_16-13-37-54-503.PNG
D-G12-KaFu-iso3-14_2,1_D-G12-KaFu-iso3-14_2_2023_05_10-13-24-12-648.PNG,Kageronia_fuscogrisea,0.2577174676718087,http://localhost:5000/1_D-G12-KaFu-iso3-14_2_2023_05_10-13-24-12-648.PNG
I-H2-AsAq-koy2-48_2,1_I-H2-AsAq-koy2-48_2_2023_05_16-13-37-54-631.PNG,Asellus_aquaticus,0.25687637926585,http://localhost:5000/1_I-H2-AsAq-koy2-48_2_2023_05_16-13-37-54-631.PNG
D-G12-KaFu-iso3-14_2,1_D-G12-KaFu-iso3-14_2_2023_05_10-13-24-12-756.PNG,Kageronia_fuscogrisea,0.256835832565303,http://localhost:5000/1_D-G12-KaFu-iso3-14_2_2023_05_10-13-24-12-756.PNG
D-G12-KaFu-iso3-14_2,1_D-G12-KaFu-iso3-14_2_2023_05_10-13-24-13-745.PNG,Kageronia_fuscogrisea,0.2554239353677798,http://localhost:5000/1_D-G12-KaFu-iso3-14_2_2023_05_10-13-24-13-745.PNG
D-G12-KaFu-iso3-14_2,1_D-G12-KaFu-iso3-14_2_2023_05_10-13-24-12-973.PNG,Kageronia_fuscogrisea,0.2553818554272908,http://localhost:5000/1_D-G12-KaFu-iso3-14_2_2023_05_10-13-24-12-973.PNG
O-C6-AsAq-pus1-9_1,2_O-C6-AsAq-pus1-9_1_2023_05_22-10-44-36-390.PNG,Asellus_aquaticus,0.2548168885361382,http://localhost:5000/2_O-C6-AsAq-pus1-9_1_2023_05_22-10-44-36-390.PNG
D-G12-KaFu-iso3-14_2,1_D-G12-KaFu-iso3-14_2_2023_05_10-13-24-13-856.PNG,Kageronia_fuscogrisea,0.2543724755249871,http://localhost:5000/1_D-G12-KaFu-iso3-14_2_2023_05_10-13-24-13-856.PNG
D-G12-KaFu-iso3-14_2,1_D-G12-KaFu-iso3-14_2_2023_05_10-13-24-14-291.PNG,Kageronia_fuscogrisea,0.2512663951256797,http://localhost:5000/1_D-G12-KaFu-iso3-14_2_2023_05_10-13-24-14-291.PNG
L-F3-KaFu-sii1-10_1,2_L-F3-KaFu-sii1-10_1_2023_05_17-14-52-20-126.PNG,Kageronia_fuscogrisea,0.2506564517938686,http://localhost:5000/2_L-F3-KaFu-sii1-10_1_2023_05_17-14-52-20-126.PNG
D-G12-KaFu-iso3-14_2,1_D-G12-KaFu-iso3-14_2_2023_05_10-13-24-14-509.PNG,Kageronia_fuscogrisea,0.2506107874055716,http://localhost:5000/1_D-G12-KaFu-iso3-14_2_2023_05_10-13-24-14-509.PNG
D-G12-KaFu-iso3-14_2,1_D-G12-KaFu-iso3-14_2_2023_05_10-13-24-13-965.PNG,Kageronia_fuscogrisea,0.2504285531044844,http://localhost:5000/1_D-G12-KaFu-iso3-14_2_2023_05_10-13-24-13-965.PNG
D-G12-KaFu-iso3-14_2,1_D-G12-KaFu-iso3-14_2_2023_05_10-13-24-14-401.PNG,Kageronia_fuscogrisea,0.250220891086591,http://localhost:5000/1_D-G12-KaFu-iso3-14_2_2023_05_10-13-24-14-401.PNG
D-G12-KaFu-iso3-14_2,1_D-G12-KaFu-iso3-14_2_2023_05_10-13-24-13-635.PNG,Kageronia_fuscogrisea,0.2498946131417102,http://localhost:5000/1_D-G12-KaFu-iso3-14_2_2023_05_10-13-24-13-635.PNG
D-G12-KaFu-iso3-14_2,1_D-G12-KaFu-iso3-14_2_2023_05_10-13-24-14-073.PNG,Kageronia_fuscogrisea,0.2488554954082905,http://localhost:5000/1_D-G12-KaFu-iso3-14_2_2023_05_10-13-24-14-073.PNG
D-G12-KaFu-iso3-14_2,1_D-G12-KaFu-iso3-14_2_2023_05_10-13-24-14-617.PNG,Kageronia_fuscogrisea,0.2472565485168485,http://localhost:5000/1_D-G12-KaFu-iso3-14_2_2023_05_10-13-24-14-617.PNG
Q-D5-TiWa-pus3-7_1,1_Q-D5-TiWa-pus3-7_1_2023_05_23-13-31-37-276.PNG,Tinodes_waeneri,0.246295360101493,http://localhost:5000/1_Q-D5-TiWa-pus3-7_1_2023_05_23-13-31-37-276.PNG
O-B7-KaFu-sii3-5_1,1_O-B7-KaFu-sii3-5_1_2023_05_22-10-20-23-749.PNG,Kageronia_fuscogrisea,0.2445460999981134,http://localhost:5000/1_O-B7-KaFu-sii3-5_1_2023_05_22-10-20-23-749.PNG
D-G12-KaFu-iso3-14_2,1_D-G12-KaFu-iso3-14_2_2023_05_10-13-24-14-181.PNG,Kageronia_fuscogrisea,0.242729396879194,http://localhost:5000/1_D-G12-KaFu-iso3-14_2_2023_05_10-13-24-14-181.PNG
D-G12-KaFu-iso3-14_2,1_D-G12-KaFu-iso3-14_2_2023_05_10-13-24-14-945.PNG,Kageronia_fuscogrisea,0.2396647319542825,http://localhost:5000/1_D-G12-KaFu-iso3-14_2_2023_05_10-13-24-14-945.PNG
D-G12-KaFu-iso3-14_2,1_D-G12-KaFu-iso3-14_2_2023_05_10-13-24-14-836.PNG,Kageronia_fuscogrisea,0.237142642775057,http://localhost:5000/1_D-G12-KaFu-iso3-14_2_2023_05_10-13-24-14-836.PNG
D-G12-KaFu-iso3-14_2,1_D-G12-KaFu-iso3-14_2_2023_05_10-13-24-14-726.PNG,Kageronia_fuscogrisea,0.2363343800832975,http://localhost:5000/1_D-G12-KaFu-iso3-14_2_2023_05_10-13-24-14-726.PNG
J-A2-KaFu-kur2-6_3,1_J-A2-KaFu-kur2-6_3_2023_05_16-14-06-45-520.PNG,Kageronia_fuscogrisea,0.236224176197491,http://localhost:5000/1_J-A2-KaFu-kur2-6_3_2023_05_16-14-06-45-520.PNG
J-A2-KaFu-kur2-6_3,2_J-A2-KaFu-kur2-6_3_2023_05_16-14-06-46-150.PNG,Kageronia_fuscogrisea,0.2318343098624137,http://localhost:5000/2_J-A2-KaFu-kur2-6_3_2023_05_16-14-06-46-150.PNG
A-A9-KaFu-ala1-1_3,1_A-A9-KaFu-ala1-1_3_2023_05_04-09-52-59-764.PNG,Kageronia_fuscogrisea,0.2290841908515999,http://localhost:5000/1_A-A9-KaFu-ala1-1_3_2023_05_04-09-52-59-764.PNG
J-A2-KaFu-kur2-6_3,1_J-A2-KaFu-kur2-6_3_2023_05_16-14-06-45-705.PNG,Kageronia_fuscogrisea,0.21956580676565,http://localhost:5000/1_J-A2-KaFu-kur2-6_3_2023_05_16-14-06-45-705.PNG
A-A9-KaFu-ala1-1_3,1_A-A9-KaFu-ala1-1_3_2023_05_04-09-53-00-285.PNG,Kageronia_fuscogrisea,0.2187008147245965,http://localhost:5000/1_A-A9-KaFu-ala1-1_3_2023_05_04-09-53-00-285.PNG
A-A9-KaFu-ala1-1_3,2_A-A9-KaFu-ala1-1_3_2023_05_04-09-53-07-668.PNG,Kageronia_fuscogrisea,0.2166922368368463,http://localhost:5000/2_A-A9-KaFu-ala1-1_3_2023_05_04-09-53-07-668.PNG
A-A9-KaFu-ala1-1_3,1_A-A9-KaFu-ala1-1_3_2023_05_04-09-53-04-002.PNG,Kageronia_fuscogrisea,0.2160486574668433,http://localhost:5000/1_A-A9-KaFu-ala1-1_3_2023_05_04-09-53-04-002.PNG
A-A9-KaFu-ala1-1_3,2_A-A9-KaFu-ala1-1_3_2023_05_04-09-53-04-248.PNG,Kageronia_fuscogrisea,0.2146154516345728,http://localhost:5000/2_A-A9-KaFu-ala1-1_3_2023_05_04-09-53-04-248.PNG
A-A9-KaFu-ala1-1_3,1_A-A9-KaFu-ala1-1_3_2023_05_04-09-53-00-542.PNG,Kageronia_fuscogrisea,0.213127792063401,http://localhost:5000/1_A-A9-KaFu-ala1-1_3_2023_05_04-09-53-00-542.PNG
A-A9-KaFu-ala1-1_3,1_A-A9-KaFu-ala1-1_3_2023_05_04-09-53-04-565.PNG,Kageronia_fuscogrisea,0.2127170346811259,http://localhost:5000/1_A-A9-KaFu-ala1-1_3_2023_05_04-09-53-04-565.PNG
M-B1-AsAq-koy2-99_1,2_M-B1-AsAq-koy2-99_1_2023_05_19-10-00-20-866.PNG,Asellus_aquaticus,0.2110766328731915,http://localhost:5000/2_M-B1-AsAq-koy2-99_1_2023_05_19-10-00-20-866.PNG
A-A9-KaFu-ala1-1_3,1_A-A9-KaFu-ala1-1_3_2023_05_04-09-53-00-025.PNG,Kageronia_fuscogrisea,0.2105110402348484,http://localhost:5000/1_A-A9-KaFu-ala1-1_3_2023_05_04-09-53-00-025.PNG
A-A9-KaFu-ala1-1_3,2_A-A9-KaFu-ala1-1_3_2023_05_04-09-53-03-966.PNG,Kageronia_fuscogrisea,0.209669511595794,http://localhost:5000/2_A-A9-KaFu-ala1-1_3_2023_05_04-09-53-03-966.PNG
L-F3-KaFu-sii1-10_1,1_L-F3-KaFu-sii1-10_1_2023_05_17-14-52-20-090.PNG,Kageronia_fuscogrisea,0.2093290587671673,http://localhost:5000/1_L-F3-KaFu-sii1-10_1_2023_05_17-14-52-20-090.PNG
A-A9-KaFu-ala1-1_3,1_A-A9-KaFu-ala1-1_3_2023_05_04-09-53-02-639.PNG,Kageronia_fuscogrisea,0.2089077865175733,http://localhost:5000/1_A-A9-KaFu-ala1-1_3_2023_05_04-09-53-02-639.PNG
A-A9-KaFu-ala1-1_3,1_A-A9-KaFu-ala1-1_3_2023_05_04-09-53-02-364.PNG,Kageronia_fuscogrisea,0.2086891742869092,http://localhost:5000/1_A-A9-KaFu-ala1-1_3_2023_05_04-09-53-02-364.PNG
A-A9-KaFu-ala1-1_3,2_A-A9-KaFu-ala1-1_3_2023_05_04-09-53-04-813.PNG,Kageronia_fuscogrisea,0.2078452162803032,http://localhost:5000/2_A-A9-KaFu-ala1-1_3_2023_05_04-09-53-04-813.PNG
P-E3-KaFu-sii3-19_1,1_P-E3-KaFu-sii3-19_1_2023_05_23-09-17-06-302.PNG,Kageronia_fuscogrisea,0.2056021319850554,http://localhost:5000/1_P-E3-KaFu-sii3-19_1_2023_05_23-09-17-06-302.PNG
A-A9-KaFu-ala1-1_3,2_A-A9-KaFu-ala1-1_3_2023_05_04-09-53-07-154.PNG,Kageronia_fuscogrisea,0.2054977005387608,http://localhost:5000/2_A-A9-KaFu-ala1-1_3_2023_05_04-09-53-07-154.PNG
A-A9-KaFu-ala1-1_3,2_A-A9-KaFu-ala1-1_3_2023_05_04-09-53-05-091.PNG,Kageronia_fuscogrisea,0.2048536777462634,http://localhost:5000/2_A-A9-KaFu-ala1-1_3_2023_05_04-09-53-05-091.PNG
J-A2-KaFu-kur2-6_3,1_J-A2-KaFu-kur2-6_3_2023_05_16-14-06-45-380.PNG,Kageronia_fuscogrisea,0.2039524471552378,http://localhost:5000/1_J-A2-KaFu-kur2-6_3_2023_05_16-14-06-45-380.PNG
G-E2-TiWa-kak2-3_1,2_G-E2-TiWa-kak2-3_1_2023_05_12-13-47-27-764.PNG,Tinodes_waeneri,0.2030249357686688,http://localhost:5000/2_G-E2-TiWa-kak2-3_1_2023_05_12-13-47-27-764.PNG
A-A9-KaFu-ala1-1_3,2_A-A9-KaFu-ala1-1_3_2023_05_04-09-53-07-411.PNG,Kageronia_fuscogrisea,0.2030231004042039,http://localhost:5000/2_A-A9-KaFu-ala1-1_3_2023_05_04-09-53-07-411.PNG
A-A9-KaFu-ala1-1_3,2_A-A9-KaFu-ala1-1_3_2023_05_04-09-53-04-529.PNG,Kageronia_fuscogrisea,0.2000153405228318,http://localhost:5000/2_A-A9-KaFu-ala1-1_3_2023_05_04-09-53-04-529.PNG
A-A9-KaFu-ala1-1_3,2_A-A9-KaFu-ala1-1_3_2023_05_04-09-53-03-644.PNG,Kageronia_fuscogrisea,0.1999766536843142,http://localhost:5000/2_A-A9-KaFu-ala1-1_3_2023_05_04-09-53-03-644.PNG
A-A9-KaFu-ala1-1_3,1_A-A9-KaFu-ala1-1_3_2023_05_04-09-53-02-911.PNG,Kageronia_fuscogrisea,0.1994577324264984,http://localhost:5000/1_A-A9-KaFu-ala1-1_3_2023_05_04-09-53-02-911.PNG
A-A9-KaFu-ala1-1_3,1_A-A9-KaFu-ala1-1_3_2023_05_04-09-53-04-849.PNG,Kageronia_fuscogrisea,0.1985836248192035,http://localhost:5000/1_A-A9-KaFu-ala1-1_3_2023_05_04-09-53-04-849.PNG
A-A9-KaFu-ala1-1_3,2_A-A9-KaFu-ala1-1_3_2023_05_04-09-53-02-070.PNG,Kageronia_fuscogrisea,0.1984051745675296,http://localhost:5000/2_A-A9-KaFu-ala1-1_3_2023_05_04-09-53-02-070.PNG
A-A9-KaFu-ala1-1_3,1_A-A9-KaFu-ala1-1_3_2023_05_04-09-53-03-457.PNG,Kageronia_fuscogrisea,0.1979731938274445,http://localhost:5000/1_A-A9-KaFu-ala1-1_3_2023_05_04-09-53-03-457.PNG
A-A9-KaFu-ala1-1_3,2_A-A9-KaFu-ala1-1_3_2023_05_04-09-53-02-673.PNG,Kageronia_fuscogrisea,0.1975776384682882,http://localhost:5000/2_A-A9-KaFu-ala1-1_3_2023_05_04-09-53-02-673.PNG
A-A9-KaFu-ala1-1_3,1_A-A9-KaFu-ala1-1_3_2023_05_04-09-53-04-283.PNG,Kageronia_fuscogrisea,0.1970721878511817,http://localhost:5000/1_A-A9-KaFu-ala1-1_3_2023_05_04-09-53-04-283.PNG
A-A9-KaFu-ala1-1_3,2_A-A9-KaFu-ala1-1_3_2023_05_04-09-53-06-120.PNG,Kageronia_fuscogrisea,0.195508972381508,http://localhost:5000/2_A-A9-KaFu-ala1-1_3_2023_05_04-09-53-06-120.PNG
A-A9-KaFu-ala1-1_3,1_A-A9-KaFu-ala1-1_3_2023_05_04-09-53-00-799.PNG,Kageronia_fuscogrisea,0.195151003777611,http://localhost:5000/1_A-A9-KaFu-ala1-1_3_2023_05_04-09-53-00-799.PNG
A-A9-KaFu-ala1-1_3,1_A-A9-KaFu-ala1-1_3_2023_05_04-09-53-01-320.PNG,Kageronia_fuscogrisea,0.1950993782540165,http://localhost:5000/1_A-A9-KaFu-ala1-1_3_2023_05_04-09-53-01-320.PNG
A-A9-KaFu-ala1-1_3,1_A-A9-KaFu-ala1-1_3_2023_05_04-09-53-01-837.PNG,Kageronia_fuscogrisea,0.1939444413831426,http://localhost:5000/1_A-A9-KaFu-ala1-1_3_2023_05_04-09-53-01-837.PNG
A-A9-KaFu-ala1-1_3,1_A-A9-KaFu-ala1-1_3_2023_05_04-09-53-01-578.PNG,Kageronia_fuscogrisea,0.1926642887316328,http://localhost:5000/1_A-A9-KaFu-ala1-1_3_2023_05_04-09-53-01-578.PNG
N-B1-OuTuAd-koy1-5_2,2_N-B1-OuTuAd-koy1-5_2_2023_05_19-13-54-20-601.PNG,Oulimnius_tuberculatus_adult,0.191482484173553,http://localhost:5000/2_N-B1-OuTuAd-koy1-5_2_2023_05_19-13-54-20-601.PNG
A-A9-KaFu-ala1-1_3,1_A-A9-KaFu-ala1-1_3_2023_05_04-09-53-03-189.PNG,Kageronia_fuscogrisea,0.1907032449667887,http://localhost:5000/1_A-A9-KaFu-ala1-1_3_2023_05_04-09-53-03-189.PNG
A-A9-KaFu-ala1-1_3,2_A-A9-KaFu-ala1-1_3_2023_05_04-09-53-06-899.PNG,Kageronia_fuscogrisea,0.1906377729237248,http://localhost:5000/2_A-A9-KaFu-ala1-1_3_2023_05_04-09-53-06-899.PNG
A-A9-KaFu-ala1-1_3,2_A-A9-KaFu-ala1-1_3_2023_05_04-09-53-06-380.PNG,Kageronia_fuscogrisea,0.1886344204590588,http://localhost:5000/2_A-A9-KaFu-ala1-1_3_2023_05_04-09-53-06-380.PNG
A-A9-KaFu-ala1-1_3,2_A-A9-KaFu-ala1-1_3_2023_05_04-09-53-03-085.PNG,Kageronia_fuscogrisea,0.1883663240553618,http://localhost:5000/2_A-A9-KaFu-ala1-1_3_2023_05_04-09-53-03-085.PNG
A-A9-KaFu-ala1-1_3,1_A-A9-KaFu-ala1-1_3_2023_05_04-09-53-01-060.PNG,Kageronia_fuscogrisea,0.1868413201315003,http://localhost:5000/1_A-A9-KaFu-ala1-1_3_2023_05_04-09-53-01-060.PNG
A-A9-KaFu-ala1-1_3,2_A-A9-KaFu-ala1-1_3_2023_05_04-09-53-05-349.PNG,Kageronia_fuscogrisea,0.1855234401170148,http://localhost:5000/2_A-A9-KaFu-ala1-1_3_2023_05_04-09-53-05-349.PNG
A-A9-KaFu-ala1-1_3,2_A-A9-KaFu-ala1-1_3_2023_05_04-09-53-06-639.PNG,Kageronia_fuscogrisea,0.1851530295437717,http://localhost:5000/2_A-A9-KaFu-ala1-1_3_2023_05_04-09-53-06-639.PNG
A-A9-KaFu-ala1-1_3,2_A-A9-KaFu-ala1-1_3_2023_05_04-09-53-05-861.PNG,Kageronia_fuscogrisea,0.1839314936871341,http://localhost:5000/2_A-A9-KaFu-ala1-1_3_2023_05_04-09-53-05-861.PNG
J-A2-KaFu-kur2-6_3,1_J-A2-KaFu-kur2-6_3_2023_05_16-14-06-45-189.PNG,Kageronia_fuscogrisea,0.1838854449285758,http://localhost:5000/1_J-A2-KaFu-kur2-6_3_2023_05_16-14-06-45-189.PNG
A-A9-KaFu-ala1-1_3,2_A-A9-KaFu-ala1-1_3_2023_05_04-09-53-05-605.PNG,Kageronia_fuscogrisea,0.1829126789797793,http://localhost:5000/2_A-A9-KaFu-ala1-1_3_2023_05_04-09-53-05-605.PNG
A-A9-KaFu-ala1-1_3,1_A-A9-KaFu-ala1-1_3_2023_05_04-09-53-02-104.PNG,Kageronia_fuscogrisea,0.1821259572093644,http://localhost:5000/1_A-A9-KaFu-ala1-1_3_2023_05_04-09-53-02-104.PNG
A-A9-KaFu-ala1-1_3,1_A-A9-KaFu-ala1-1_3_2023_05_04-09-53-03-725.PNG,Kageronia_fuscogrisea,0.1796895749553614,http://localhost:5000/1_A-A9-KaFu-ala1-1_3_2023_05_04-09-53-03-725.PNG
J-A2-KaFu-kur2-6_3,2_J-A2-KaFu-kur2-6_3_2023_05_16-14-06-45-438.PNG,Kageronia_fuscogrisea,0.1775445265628108,http://localhost:5000/2_J-A2-KaFu-kur2-6_3_2023_05_16-14-06-45-438.PNG
J-A2-KaFu-kur2-6_3,2_J-A2-KaFu-kur2-6_3_2023_05_16-14-06-45-580.PNG,Kageronia_fuscogrisea,0.1724640323492653,http://localhost:5000/2_J-A2-KaFu-kur2-6_3_2023_05_16-14-06-45-580.PNG
Q-B8-KaFu-vii1-2_2,2_Q-B8-KaFu-vii1-2_2_2023_05_23-11-26-25-115.PNG,Kageronia_fuscogrisea,0.1641824931594186,http://localhost:5000/2_Q-B8-KaFu-vii1-2_2_2023_05_23-11-26-25-115.PNG
G-F3-CaHo-koy2-1_1,2_G-F3-CaHo-koy2-1_1_2023_05_12-14-11-31-430.PNG,Caenis_horaria,0.1638534912964513,http://localhost:5000/2_G-F3-CaHo-koy2-1_1_2023_05_12-14-11-31-430.PNG
G-F3-CaHo-koy2-1_2,2_G-F3-CaHo-koy2-1_2_2023_05_12-14-11-35-166.PNG,Caenis_horaria,0.1552456746547342,http://localhost:5000/2_G-F3-CaHo-koy2-1_2_2023_05_12-14-11-35-166.PNG
E-F2-PsPu-hau3-8_1,1_E-F2-PsPu-hau3-8_1_2023_05_11-09-58-43-167.PNG,Psychomyia_pusilla,0.1551105596288149,http://localhost:5000/1_E-F2-PsPu-hau3-8_1_2023_05_11-09-58-43-167.PNG
G-F3-CaHo-koy2-1_2,2_G-F3-CaHo-koy2-1_2_2023_05_12-14-11-34-783.PNG,Caenis_horaria,0.1501572127242865,http://localhost:5000/2_G-F3-CaHo-koy2-1_2_2023_05_12-14-11-34-783.PNG
G-F3-CaHo-koy2-1_2,2_G-F3-CaHo-koy2-1_2_2023_05_12-14-11-34-396.PNG,Caenis_horaria,0.1483321332817486,http://localhost:5000/2_G-F3-CaHo-koy2-1_2_2023_05_12-14-11-34-396.PNG
G-F3-CaHo-koy2-1_1,2_G-F3-CaHo-koy2-1_1_2023_05_12-14-11-31-623.PNG,Caenis_horaria,0.1478811798289991,http://localhost:5000/2_G-F3-CaHo-koy2-1_1_2023_05_12-14-11-31-623.PNG
H-A11-OuTu-iso1-29_2,2_H-A11-OuTu-iso1-29_2_2023_05_15-11-20-36-156.PNG,Oulimnius_tuberculatus,0.1463898204749752,http://localhost:5000/2_H-A11-OuTu-iso1-29_2_2023_05_15-11-20-36-156.PNG
G-F3-CaHo-koy2-1_2,2_G-F3-CaHo-koy2-1_2_2023_05_12-14-11-33-814.PNG,Caenis_horaria,0.1434868399692364,http://localhost:5000/2_G-F3-CaHo-koy2-1_2_2023_05_12-14-11-33-814.PNG
G-F3-CaHo-koy2-1_2,2_G-F3-CaHo-koy2-1_2_2023_05_12-14-11-34-590.PNG,Caenis_horaria,0.1409485270222064,http://localhost:5000/2_G-F3-CaHo-koy2-1_2_2023_05_12-14-11-34-590.PNG
G-F3-CaHo-koy2-1_2,2_G-F3-CaHo-koy2-1_2_2023_05_12-14-11-33-236.PNG,Caenis_horaria,0.1403390726708363,http://localhost:5000/2_G-F3-CaHo-koy2-1_2_2023_05_12-14-11-33-236.PNG
G-F3-CaHo-koy2-1_1,1_G-F3-CaHo-koy2-1_1_2023_05_12-14-11-31-151.PNG,Caenis_horaria,0.1398330901629965,http://localhost:5000/1_G-F3-CaHo-koy2-1_1_2023_05_12-14-11-31-151.PNG
G-F3-CaHo-koy2-1_2,2_G-F3-CaHo-koy2-1_2_2023_05_12-14-11-34-200.PNG,Caenis_horaria,0.1369830416106473,http://localhost:5000/2_G-F3-CaHo-koy2-1_2_2023_05_12-14-11-34-200.PNG
G-F3-CaHo-koy2-1_2,2_G-F3-CaHo-koy2-1_2_2023_05_12-14-11-35-360.PNG,Caenis_horaria,0.1359134783125536,http://localhost:5000/2_G-F3-CaHo-koy2-1_2_2023_05_12-14-11-35-360.PNG
G-F3-CaHo-koy2-1_2,2_G-F3-CaHo-koy2-1_2_2023_05_12-14-11-33-622.PNG,Caenis_horaria,0.1352658702648758,http://localhost:5000/2_G-F3-CaHo-koy2-1_2_2023_05_12-14-11-33-622.PNG
G-F3-CaHo-koy2-1_2,2_G-F3-CaHo-koy2-1_2_2023_05_12-14-11-33-428.PNG,Caenis_horaria,0.1339298768024422,http://localhost:5000/2_G-F3-CaHo-koy2-1_2_2023_05_12-14-11-33-428.PNG
G-F3-CaHo-koy2-1_2,2_G-F3-CaHo-koy2-1_2_2023_05_12-14-11-34-007.PNG,Caenis_horaria,0.1333620243259158,http://localhost:5000/2_G-F3-CaHo-koy2-1_2_2023_05_12-14-11-34-007.PNG
G-F3-CaHo-koy2-1_2,2_G-F3-CaHo-koy2-1_2_2023_05_12-14-11-33-041.PNG,Caenis_horaria,0.1321266353274269,http://localhost:5000/2_G-F3-CaHo-koy2-1_2_2023_05_12-14-11-33-041.PNG
G-F3-CaHo-koy2-1_2,2_G-F3-CaHo-koy2-1_2_2023_05_12-14-11-34-975.PNG,Caenis_horaria,0.1309555374204344,http://localhost:5000/2_G-F3-CaHo-koy2-1_2_2023_05_12-14-11-34-975.PNG
G-F3-CaHo-koy2-1_1,1_G-F3-CaHo-koy2-1_1_2023_05_12-14-11-31-347.PNG,Caenis_horaria,0.1091665751998278,http://localhost:5000/1_G-F3-CaHo-koy2-1_1_2023_05_12-14-11-31-347.PNG
G-F3-CaHo-koy2-1_2,1_G-F3-CaHo-koy2-1_2_2023_05_12-14-11-35-204.PNG,Caenis_horaria,0.1054403961570477,http://localhost:5000/1_G-F3-CaHo-koy2-1_2_2023_05_12-14-11-35-204.PNG
G-F3-CaHo-koy2-1_2,1_G-F3-CaHo-koy2-1_2_2023_05_12-14-11-33-657.PNG,Caenis_horaria,0.1046038416811451,http://localhost:5000/1_G-F3-CaHo-koy2-1_2_2023_05_12-14-11-33-657.PNG
G-F3-CaHo-koy2-1_2,1_G-F3-CaHo-koy2-1_2_2023_05_12-14-11-34-044.PNG,Caenis_horaria,0.1045303695855436,http://localhost:5000/1_G-F3-CaHo-koy2-1_2_2023_05_12-14-11-34-044.PNG
G-F3-CaHo-koy2-1_2,1_G-F3-CaHo-koy2-1_2_2023_05_12-14-11-34-820.PNG,Caenis_horaria,0.1024857319890922,http://localhost:5000/1_G-F3-CaHo-koy2-1_2_2023_05_12-14-11-34-820.PNG
G-F3-CaHo-koy2-1_2,1_G-F3-CaHo-koy2-1_2_2023_05_12-14-11-35-396.PNG,Caenis_horaria,0.100901330887601,http://localhost:5000/1_G-F3-CaHo-koy2-1_2_2023_05_12-14-11-35-396.PNG
G-F3-CaHo-koy2-1_2,1_G-F3-CaHo-koy2-1_2_2023_05_12-14-11-33-078.PNG,Caenis_horaria,0.0977428657671951,http://localhost:5000/1_G-F3-CaHo-koy2-1_2_2023_05_12-14-11-33-078.PNG
G-F3-CaHo-koy2-1_2,1_G-F3-CaHo-koy2-1_2_2023_05_12-14-11-34-433.PNG,Caenis_horaria,0.0973827360398673,http://localhost:5000/1_G-F3-CaHo-koy2-1_2_2023_05_12-14-11-34-433.PNG
G-F3-CaHo-koy2-1_1,1_G-F3-CaHo-koy2-1_1_2023_05_12-14-11-31-734.PNG,Caenis_horaria,0.097183311455825,http://localhost:5000/1_G-F3-CaHo-koy2-1_1_2023_05_12-14-11-31-734.PNG
G-F3-CaHo-koy2-1_2,1_G-F3-CaHo-koy2-1_2_2023_05_12-14-11-34-236.PNG,Caenis_horaria,0.0963873667811053,http://localhost:5000/1_G-F3-CaHo-koy2-1_2_2023_05_12-14-11-34-236.PNG
G-F3-CaHo-koy2-1_2,1_G-F3-CaHo-koy2-1_2_2023_05_12-14-11-35-010.PNG,Caenis_horaria,0.0955090514108861,http://localhost:5000/1_G-F3-CaHo-koy2-1_2_2023_05_12-14-11-35-010.PNG
G-F3-CaHo-koy2-1_2,1_G-F3-CaHo-koy2-1_2_2023_05_12-14-11-34-626.PNG,Caenis_horaria,0.0942531492754397,http://localhost:5000/1_G-F3-CaHo-koy2-1_2_2023_05_12-14-11-34-626.PNG
G-F3-CaHo-koy2-1_2,1_G-F3-CaHo-koy2-1_2_2023_05_12-14-11-33-851.PNG,Caenis_horaria,0.0898543030873417,http://localhost:5000/1_G-F3-CaHo-koy2-1_2_2023_05_12-14-11-33-851.PNG
G-F3-CaHo-koy2-1_2,1_G-F3-CaHo-koy2-1_2_2023_05_12-14-11-33-464.PNG,Caenis_horaria,0.0852474316852958,http://localhost:5000/1_G-F3-CaHo-koy2-1_2_2023_05_12-14-11-33-464.PNG
G-F3-CaHo-koy2-1_1,1_G-F3-CaHo-koy2-1_1_2023_05_12-14-11-31-539.PNG,Caenis_horaria,0.0835856130982399,http://localhost:5000/1_G-F3-CaHo-koy2-1_1_2023_05_12-14-11-31-539.PNG
G-F3-CaHo-koy2-1_2,1_G-F3-CaHo-koy2-1_2_2023_05_12-14-11-32-888.PNG,Caenis_horaria,0.0815488860067389,http://localhost:5000/1_G-F3-CaHo-koy2-1_2_2023_05_12-14-11-32-888.PNG
G-F3-CaHo-koy2-1_2,1_G-F3-CaHo-koy2-1_2_2023_05_12-14-11-33-273.PNG,Caenis_horaria,0.0650103523067225,http://localhost:5000/1_G-F3-CaHo-koy2-1_2_2023_05_12-14-11-33-273.PNG
